key,title,author,isbn13,pages,rating,date_read,date_added,read_count,year_pub,owned,read,match_method,match_score,calibre_title,language,publisher,cal_added,cal_pages,topic,topic_src,use_mode,pages_est,pages_src,is_omnibus
G0,1984,George Orwell,,328,4.0,2012/09/13,2012/02/26,2,1949,no,yes,,,,,New American Library,,,Văn học kinh điển,tác giả,đọc tuần tự,328,thật (Goodreads),no
G1,Animal Farm,George Orwell,9780451526342,141,5.0,2026/08/23,2026/08/23,1,1945,yes,yes,fuzzy,1.12,Animal Farm,eng,Signet Classics,2026-08-20,,Văn học kinh điển,tác giả,đọc tuần tự,141,thật (Goodreads),no
G2,Sừng rượu thề,Nghiêm Đa Văn,,264,4.0,2026/08/19,2026/08/12,1,,no,yes,,,,,Kim Dong,,,Văn học & lịch sử Việt Nam,tác giả,đọc tuần tự,264,thật (Goodreads),no
G3,Planet Money: A Guide to the Economic Forces That Shape Your Life,Alex Mayyasi,9781324078777,336,5.0,2026/08/12,2026/08/12,1,2026,yes,yes,isbn,1.0,Planet Money: A Guide to the Economic Forces That Shape Your Life,eng,W. W. Norton & Company,2026-04-16,248,Kinh tế & tài chính,tác giả,đọc tuần tự,248,thật (Calibre),no
G4,"Mobile Suit Gundam: Awakening, Escalation, Confrontation",Yoshiyuki Tomino,9781611720051,520,4.0,2026/07/26,2026/07/20,1,2004,yes,yes,fuzzy,1.12,"Mobile Suit Gundam: Awakening, Escalation, Confrontation",eng,Stone Bridge Press,2024-12-28,635,Tiểu thuyết tie-in (game khác),tựa (ưu tiên),đọc tuần tự,635,thật (Calibre),no
G5,A Short History of England,Simon Jenkins,9781846684630,319,5.0,2026/07/09,2026/06/16,1,2011,yes,yes,fuzzy,1.12,A Short History of England,eng,Profile Books,2026-06-16,355,Lịch sử,tác giả,đọc tuần tự,355,thật (Calibre),no
G6,The Shortest History of England,James Hawes,9781760641658,272,4.0,2026/06/16,2026/06/11,1,2019,yes,yes,fuzzy,1.12,The Shortest History of England,eng,Black Inc,2025-01-16,293,Lịch sử,tác giả,đọc tuần tự,293,thật (Calibre),no
G7,"Robinson Crusoe (Robinson Crusoe, #1)",Daniel Defoe,9780141439822,286,5.0,2026/06/10,2026/05/21,1,1719,yes,yes,fuzzy,1.12,Robinson Crusoe,eng,Penguin Classics,2025-09-03,379,Văn học kinh điển,tác giả,đọc tuần tự,379,thật (Calibre),no
G8,"The Psychology of Money: Timeless Lessons on Wealth, Greed, and Happiness",Morgan Housel,,242,0,2026/05/20,2026/05/09,1,2020,yes,yes,fuzzy,1.12,"The Psychology of Money: Timeless Lessons on Wealth, Greed, and Happiness",eng,Harriman House,2026-05-09,209,Kinh tế & tài chính,tác giả,đọc tuần tự,209,thật (Calibre),no
G9,The Devils (The Devils #1),Joe Abercrombie,9781250880055,547,4.0,2026/04/30,2026/04/08,1,2025,yes,yes,fuzzy,1.12,The Devils,eng,Tor Books,2025-06-20,772,Fantasy,tác giả,đọc tuần tự,772,thật (Calibre),no
G10,"A Game of Thrones (A Song of Ice and Fire, #1)",George R.R. Martin,9780525618928,880,5.0,2011/04/12,2012/02/26,2,1996,yes,yes,fuzzy,1.12,A Game of Thrones: The Illustrated Edition,eng,Bantam,2025-08-25,975,Fantasy,tác giả,đọc tuần tự,975,thật (Calibre),no
G11,Economics in America: An Immigrant Economist Explores the Land of Inequality,Angus Deaton,9780691247625,280,5.0,2026/03/17,2026/03/15,1,2023,yes,yes,isbn,1.0,Economics in America: An Immigrant Economist Explores the Land of Inequality,eng,Princeton University Press,2024-01-04,250,Kinh tế & tài chính,từ khoá,đọc tuần tự,250,thật (Calibre),no
G12,Economics: The Economist Guide,Philip Coggan,9781805222194,320,5.0,2026/03/10,2026/03/07,1,2025,yes,yes,isbn,1.0,Economics: The Economist Guide,eng,Economist Books,2025-11-23,220,Kinh tế & tài chính,từ khoá,đọc tuần tự,220,thật (Calibre),no
G13,The Shortest History of Israel and Palestine: From Zionism to Intifadas and the Struggle for Peace (The Shortest History Series),Michael Scott-Baumann,9781615199501,288,4.0,2026/03/05,2026/02/28,1,2023,yes,yes,fuzzy,1.12,The Shortest History of Israel and Palestine,eng,The Experiment,2025-09-17,276,Lịch sử,từ khoá,đọc tuần tự,276,thật (Calibre),no
G14,The Canterbury Tales: A Retelling,Peter Ackroyd,9780143106173,464,5.0,2026/02/27,2026/02/26,1,2009,yes,yes,fuzzy,1.12,The Canterbury Tales: A Retelling,eng,Penguin Classics,2025-08-29,439,Văn học kinh điển,tác giả,đọc tuần tự,439,thật (Calibre),no
G15,Watership Down,Richard  Adams,9780241953235,474,5.0,2026/02/15,2026/01/22,1,1972,yes,yes,fuzzy,1.12,Watership Down,eng,Penguin Books,2025-12-21,534,Văn học kinh điển,tác giả,đọc tuần tự,534,thật (Calibre),no
G16,"Mythos: The Greek Myths Reimagined (Stephen Fry's Great Mythology, #1)",Stephen Fry,9781452179049,466,5.0,2026/01/14,2026/01/02,1,2017,yes,yes,isbn,1.0,Mythos,eng,Chronicle Books,2023-12-29,457,Phê bình văn học & nghệ thuật,tác giả,đọc tuần tự,457,thật (Calibre),no
G17,Ho Chi Minh: A Life,William J. Duiker,9780786887019,695,5.0,2025/01/26,2025/01/12,1,2000,yes,yes,fuzzy,1.12,Ho Chi Minh: A Life,eng,Hyperion,2023-10-06,1034,Tiểu sử & hồi ký,từ khoá,đọc tuần tự,1034,thật (Calibre),no
G18,Nỗi buồn chiến tranh,Bảo Ninh,9786041001985,324,4.0,2025/12/28,2025/12/28,1,1991,no,yes,,,,,NXB Trẻ,,,Văn học & lịch sử Việt Nam,tác giả,đọc tuần tự,324,thật (Goodreads),no
G19,Finance and the Good Society,Robert J. Shiller,9780691158099,312,4.0,2025/12/17,2025/12/01,1,2012,yes,yes,isbn,1.0,Finance and the Good Society,eng,Princeton University Press,2023-03-24,442,Kinh tế & tài chính,tác giả,đọc tuần tự,442,thật (Calibre),no
G20,The Tempest,William Shakespeare,9780143128632,128,5.0,2025/12/02,2025/12/01,1,1611,yes,yes,isbn,1.0,The Tempest,eng,Penguin Books,2025-08-20,226,Văn học kinh điển,tác giả,đọc tuần tự,226,thật (Calibre),no
G21,"Tales from 1,001 Nights: Aladdin, Ali Baba and Other Favourites (A Penguin Classics Hardcover)",Anonymous,9780141191652,496,4.0,2025/11/30,2025/10/06,1,1989,yes,yes,fuzzy,1.12,"Tales From 1,001 Nights",eng,Penguin Classics,2025-08-29,645,Văn học kinh điển,tác giả,đọc tuần tự,645,thật (Calibre),no
G22,The Old Man and the Sea,Ernest Hemingway,9781476787862,128,5.0,2025/10/06,2025/10/05,1,1952,yes,yes,fuzzy,1.12,The Old Man and the Sea,eng,Scribner,2025-09-07,131,Văn học kinh điển,tác giả,đọc tuần tự,131,thật (Calibre),no
G23,Bible Stories The Illustrated Guide: From the Creation to the Resurrection,D.K. Publishing,9780241363645,512,5.0,2025/10/04,2025/09/17,1,2012,yes,yes,fuzzy,1.12,Bible Stories The Illustrated Guide: From the Creation to the Resurrection,eng,DK,2024-12-17,512,Tra cứu & minh hoạ,loại,tra cứu,512,thật (Calibre),no
G24,A Little History of Literature,John Sutherland,9780300186857,276,4.0,2025/09/04,2025/09/03,1,2013,yes,yes,isbn,1.0,A Little History of Literature,eng,Yale University Press,2025-01-03,300,Lịch sử,từ khoá,đọc tuần tự,300,thật (Calibre),no
G25,Pride and Prejudice,Jane Austen,,400,5.0,2018/10/02,2018/08/08,2,1813,yes,yes,fuzzy,1.12,Pride and Prejudice,eng,Penguin Classics,2025-08-21,451,Văn học kinh điển,tác giả,đọc tuần tự,451,thật (Calibre),no
G26,The Shortest History of the Soviet Union,Sheila Fitzpatrick,9780231556842,258,5.0,2025/02/06,2025/01/30,1,2022,yes,yes,fuzzy,1.12,The Shortest History of the Soviet Union,eng,Columbia University Press,2024-02-12,232,Lịch sử,từ khoá,đọc tuần tự,232,thật (Calibre),no
G27,Vừa đi đường vừa kể chuyện,Hồ Chí Minh,,111,4.0,2025/01/29,2025/01/29,1,2015,yes,yes,manual,1.0,Vừa đi đường vừa kể chuyện,vie,NXB Chính trị Quốc gia,2025-01-14,70,Văn học & lịch sử Việt Nam,tác giả,đọc tuần tự,70,thật (Calibre),no
G28,Những mẩu chuyện về đời hoạt động của Hồ Chủ tịch,Trần Dân Tiên,,159,4.0,2025/01/29,2025/01/26,1,2005,yes,yes,manual,1.0,Những mẩu chuyện về đời hoạt động của Hồ Chủ tịch,vie,NXB Trẻ,2025-01-14,117,Văn học & lịch sử Việt Nam,tác giả,đọc tuần tự,117,thật (Calibre),no
G29,"Wind and Truth (The Stormlight Archive, #5)",Brandon Sanderson,9781250319180,1344,3.0,2025/01/13,2024/08/23,1,2024,yes,yes,fuzzy,1.12,Wind and Truth,eng,Tor Books,2025-01-08,1879,Fantasy,tác giả,đọc tuần tự,1879,thật (Calibre),no
G30,Số Đỏ,Vũ Trọng Phụng,,215,5.0,2024/12/30,2024/12/30,1,1936,no,yes,,,,,NXB Văn Học,,,Văn học & lịch sử Việt Nam,tác giả,đọc tuần tự,215,thật (Goodreads),no
G31,How to Read Literature Like a Professor: A Lively and Entertaining Guide to Reading Between the Lines,Thomas C. Foster,9780060009427,314,5.0,2024/12/22,2024/12/22,1,2003,yes,yes,fuzzy,1.12,How to Read Literature Like a Professor: A Lively and Entertaining Guide to Reading Between the Lines,eng,Harper Perennial,2024-07-10,328,Phê bình văn học & nghệ thuật,tác giả,đọc tuần tự,328,thật (Calibre),no
G32,"Queen Amid Ashes (The Sun Eater, #2.5)",Christopher Ruocchio,,173,4.0,2024/11/21,2024/11/17,1,2022,yes,yes,fuzzy,1.12,Queen Amid Ashes,eng,Independently published,2024-03-23,170,Khoa học viễn tưởng,tác giả,đọc tuần tự,170,thật (Calibre),no
G33,Chuyện kể về thời niên thiếu của Bác Hồ,Bùi Ngọc Tam,,247,4.0,2024/11/10,2024/11/09,1,2014,no,yes,,,,,NXB. Chính trị Quốc gia - Sự thật,,,Văn học & lịch sử Việt Nam,tác giả,đọc tuần tự,247,thật (Goodreads),no
G34,Nexus: A Brief History of Information Networks from the Stone Age to AI,Yuval Noah Harari,9780593734223,528,4.0,2024/11/09,2024/08/23,1,2024,yes,yes,isbn,1.0,Nexus,eng,Random House,2024-09-12,664,Lịch sử,tác giả,đọc tuần tự,664,thật (Calibre),no
G35,The Journey of Humanity: The Origins of Wealth and Inequality,Oded Galor,9780593185995,304,4.0,2024/09/15,2024/08/30,1,2022,yes,yes,isbn,1.0,The Journey of Humanity,eng,Dutton,2022-10-09,337,Kinh tế & tài chính,tác giả,đọc tuần tự,337,thật (Calibre),no
G36,"The Worldly Philosophers: The Lives, Times, and Ideas of the Great Economic Thinkers",Robert L. Heilbroner,9780684862149,368,5.0,2024/09/10,2024/08/29,1,1953,yes,yes,fuzzy,1.12,"The Worldly Philosophers: The Lives, Times and Ideas of the Great Economic Thinkers",eng,Touchstone/Simon & Schuster,2024-08-19,435,Kinh tế & tài chính,tác giả,đọc tuần tự,435,thật (Calibre),no
G37,Quê Mẹ,Thanh Tịnh,,154,5.0,2024/07/18,2024/06/29,1,1941,yes,yes,fuzzy,1.12,Quê mẹ,vie,NXB Bút Việt,2024-06-29,79,Văn học & lịch sử Việt Nam,tác giả,đọc tuần tự,79,thật (Calibre),no
G38,"Howling Dark (The Sun Eater, #2)",Christopher Ruocchio,,688,4.0,2024/07/16,2024/04/27,1,2019,yes,yes,fuzzy,1.12,Howling Dark,eng,DAW,2024-04-20,901,Khoa học viễn tưởng,tác giả,đọc tuần tự,901,thật (Calibre),no
G39,"Hereticus (Eisenhorn, #3)",Dan Abnett,9780743443081,320,5.0,2024/07/12,2024/06/19,1,2002,yes,yes,omnibus-series,1.0,Eisenhorn: The Omnibus,eng,Games Workshop,2023-05-07,1613,Warhammer 40K,tựa (ưu tiên),đọc tuần tự,320,thật (Goodreads),no
G40,"Malleus (Eisenhorn, #2)",Dan Abnett,9780743411769,288,5.0,2024/06/09,2024/05/13,1,2001,yes,yes,omnibus-series,1.0,Eisenhorn: The Omnibus,eng,Games Workshop,2023-05-07,1613,Warhammer 40K,tựa (ưu tiên),đọc tuần tự,288,thật (Goodreads),no
G41,Macroeconomics,N. Gregory Mankiw,9781319263904,588,5.0,2024/06/09,2024/05/14,1,2013,no,yes,,,,,Worth Publishers,,,Giáo trình,loại,giáo trình,588,thật (Goodreads),no
G42,21st Century Monetary Policy: The Federal Reserve from the Great Inflation to COVID-19,Ben S. Bernanke,9781324020462,512,5.0,2024/05/14,2024/03/29,1,2022,yes,yes,fuzzy,1.12,21st Century Monetary Policy: The Federal Reserve From the Great Inflation to COVID-19,eng,W. W. Norton & Company,2024-03-31,635,Kinh tế & tài chính,tác giả,đọc tuần tự,635,thật (Calibre),no
G43,"Fulgrim (The Horus Heresy, #5)",Graham McNeill,9781844164769,512,4.0,2024/05/12,2024/04/03,1,2007,yes,yes,isbn,1.0,Fulgrim,eng,Games Workshop,2024-03-31,470,Warhammer 40K,tựa (ưu tiên),đọc tuần tự,470,thật (Calibre),no
G44,"The Lesser Devil (The Sun Eater, #1.5)",Christopher Ruocchio,,185,4.0,2024/04/19,2024/03/24,1,2020,yes,yes,fuzzy,1.12,The Lesser Devil,eng,,2023-09-08,204,Khoa học viễn tưởng,tác giả,đọc tuần tự,204,thật (Calibre),no
G45,Thiên Long Bát Bộ,Jin Yong,,,5.0,2018/09/05,2018/09/05,1,,no,yes,,,,,,,,Văn học Trung Quốc,tác giả,đọc tuần tự,900,ước lượng theo chủ đề,no
G46,"The Flight of the Eisenstein (The Horus Heresy, #4)",James Swallow,9781844164592,416,5.0,2024/04/02,2024/03/19,1,2007,no,yes,,,,,Black Library,,,Warhammer 40K,tựa (ưu tiên),đọc tuần tự,416,thật (Goodreads),no
G47,Money: The True Story of a Made-Up Thing,Jacob Goldstein,9780316417198,272,5.0,2024/03/28,2024/03/07,1,2020,yes,yes,isbn,1.0,Money,eng,Grand Central Publishing,2022-05-23,200,Kinh tế & tài chính,tác giả,đọc tuần tự,200,thật (Calibre),no
G48,"Empire of Silence (The Sun Eater, #1)",Christopher Ruocchio,9780756413026,753,4.0,2024/03/23,2024/02/06,1,2018,yes,yes,isbn,1.0,Empire of Silence,eng,DAW,2023-09-08,806,Khoa học viễn tưởng,tác giả,đọc tuần tự,806,thật (Calibre),no
G49,"Galaxy in Flames (The Horus Heresy, #3)",Ben Counter,9781844163939,416,4.0,2024/03/19,2024/03/09,1,2006,yes,yes,isbn,1.0,Galaxy in Flames,eng,Games Workshop,2024-03-09,324,Warhammer 40K,tựa (ưu tiên),đọc tuần tự,324,thật (Calibre),no
G50,"False Gods (The Horus Heresy, #2)",Graham McNeill,9781844163700,416,4.0,2024/03/07,2024/02/21,1,2006,yes,yes,isbn,1.0,False Gods,eng,Black Library,2024-02-22,402,Warhammer 40K,tựa (ưu tiên),đọc tuần tự,402,thật (Calibre),no
G51,The Ascent of Money: A Financial History of the World: 10th Anniversary Edition,Niall Ferguson,9781440654022,496,4.0,2024/03/03,2024/01/23,1,2007,yes,yes,fuzzy,1.12,The Ascent of Money: A Financial History of the World,eng,Penguin Books,2021-10-20,604,Kinh tế & tài chính,tựa (ưu tiên),đọc tuần tự,604,thật (Calibre),no
G52,"Horus Rising (The Horus Heresy, #1)",Dan Abnett,9781844162949,416,4.0,2024/02/19,2024/02/06,1,2006,yes,yes,isbn,1.0,Horus Rising,eng,Black Library,2023-05-07,405,Warhammer 40K,tựa (ưu tiên),đọc tuần tự,405,thật (Calibre),no
G53,"Foundation (Foundation, #1)",Isaac Asimov,9780553803716,244,5.0,2024/01/23,2024/01/06,1,1951,yes,yes,fuzzy,1.12,Foundation,eng,Bantam,2026-03-20,,Khoa học viễn tưởng,tác giả,đọc tuần tự,244,thật (Goodreads),no
G54,World of Warcraft Chronicle: Volume 3,Blizzard Entertainment,9781616558475,223,4.0,2024/01/05,2023/12/30,1,2018,yes,yes,fuzzy,1.08,World of Warcraft Chronicle Volume 3,eng,Dark Horse Books,2023-11-07,268,Tiểu thuyết tie-in (game khác),tựa (ưu tiên),đọc tuần tự,268,thật (Calibre),no
G55,World of Warcraft Chronicle: Volume 2,Blizzard Entertainment,9781616558468,202,4.0,2023/12/30,2023/11/21,1,2017,yes,yes,fuzzy,1.08,World of Warcraft Chronicle Volume 2,eng,Dark Horse Books,2023-11-07,283,Tiểu thuyết tie-in (game khác),tựa (ưu tiên),đọc tuần tự,283,thật (Calibre),no
G56,"Of Blood and Honor (WarCraft, #4)",Chris Metzen,9780743418973,128,4.0,2023/12/17,2023/12/17,1,2000,no,yes,,,,,Pocket Books,,,Tiểu thuyết tie-in (game khác),tựa (ưu tiên),đọc tuần tự,128,thật (Goodreads),no
G57,World of Warcraft Chronicle: Volume 1,Blizzard Entertainment,9781616558451,165,5.0,2023/11/21,2023/11/21,1,2016,yes,yes,manual,1.0,World of Warcraft: Chronicle Volume 1,eng,Dark Horse Books,2023-11-07,189,Tiểu thuyết tie-in (game khác),tựa (ưu tiên),đọc tuần tự,189,thật (Calibre),no
G58,A Gentleman in Moscow,Amor Towles,,495,4.0,2023/10/17,2023/09/30,1,2016,yes,yes,fuzzy,1.12,A Gentleman in Moscow,eng,Penguin Books,2021-05-08,554,Tiểu thuyết lịch sử,tác giả,đọc tuần tự,554,thật (Calibre),no
G59,Economics for the Common Good,Jean Tirole,9781400889143,564,5.0,2023/09/29,2023/09/01,1,2016,yes,yes,fuzzy,1.12,Economics for the Common Good,eng,Princeton University Press,2023-03-24,669,Kinh tế & tài chính,tác giả,đọc tuần tự,669,thật (Calibre),no
G60,"World Without End (Kingsbridge, #2)",Ken Follett,,1237,5.0,2021/06/26,2021/06/29,1,2007,yes,yes,fuzzy,1.12,World Without End,eng,Dutton,2021-06-20,1514,Tiểu thuyết lịch sử,tác giả,đọc tuần tự,1514,thật (Calibre),no
G61,What Money Can't Buy: The Moral Limits of Markets,Michael J. Sandel,9780374203030,256,4.0,2023/09/01,2023/08/26,1,2012,yes,yes,fuzzy,1.12,What Money Can't Buy: The Moral Limits of Markets,eng,"Farrar, Straus and Giroux",2021-05-08,232,Chính trị & xã hội,tác giả,đọc tuần tự,232,thật (Calibre),no
G62,"The Eye of the World (The Wheel of Time, #1)",Robert Jordan,9780812511819,800,4.0,2019/03/22,2019/05/22,2,1990,no,yes,,,,,Tor Books,,,Fantasy,tác giả,đọc tuần tự,800,thật (Goodreads),no
G63,"The Subtle Knife (His Dark Materials, #2)",Philip Pullman,,370,4.0,2019/01/10,2019/01/11,1,1997,yes,yes,fuzzy,1.12,The Subtle Knife,eng,RHCP Digital,2026-03-13,,Fantasy,tác giả,đọc tuần tự,370,thật (Goodreads),no
G64,Who Gets What ― and Why: The New Economics of Matchmaking and Market Design,Alvin E. Roth,9780544291133,260,5.0,2023/08/27,2023/08/23,1,2015,yes,yes,fuzzy,1.12,Who Gets What - and Why: The Hidden World of Matchmaking and Market Design,eng,Houghton Mifflin Harcourt,2023-03-24,280,Kinh tế & tài chính,tác giả,đọc tuần tự,280,thật (Calibre),no
G65,"Stop Reading the News: A Manifesto for a Happier, Calmer and Wiser Life",Rolf Dobelli,9781529342697,0,4.0,2023/08/23,2023/08/23,1,2019,yes,yes,fuzzy,1.12,"Stop Reading the News: A Manifesto for a Happier, Calmer and Wiser Life",eng,Sceptre,2023-08-22,104,Phát triển bản thân & năng suất,tác giả,đọc tuần tự,104,thật (Calibre),no
G66,"Deadhouse Gates (Malazan Book of the Fallen, #2)",Steven Erikson,9780765310026,604,4.0,2014/05/10,2014/05/19,2,2000,no,yes,,,,,Tor Books,,,Fantasy,tác giả,đọc tuần tự,604,thật (Goodreads),no
G67,"The Productivity Project: Accomplishing More by Managing Your Time, Attention, and Energy",Chris   Bailey,9781101904039,304,4.0,2023/07/07,2023/07/07,1,2016,yes,yes,isbn,1.0,The Productivity Project,eng,Crown Business,2022-04-22,302,Phát triển bản thân & năng suất,tác giả,đọc tuần tự,302,thật (Calibre),no
G68,"Leviathan (Warhammer 40,000)",Darius Hinks,9781804074435,382,3.0,2023/06/30,2023/06/30,1,2023,yes,yes,isbn,1.0,Leviathan,eng,Black Library,2023-06-25,368,Warhammer 40K,tựa (ưu tiên),đọc tuần tự,368,thật (Calibre),no
G69,The Headspace Guide to Meditation & Mindfulness,Andy Puddicombe,9781250104908,224,4.0,2023/06/13,2023/06/13,1,2011,yes,yes,fuzzy,1.12,The Headspace Guide to Meditation & Mindfulness,eng,St. Martin's Griffin,2021-05-08,217,Phát triển bản thân & năng suất,tác giả,đọc tuần tự,217,thật (Calibre),no
G70,At Home: A Short History of Private Life,Bill  Bryson,9780767919388,497,5.0,2023/06/09,2023/06/09,1,2010,yes,yes,fuzzy,1.12,At Home: A Short History of Private Life,eng,Doubleday,2022-09-08,667,Lịch sử,tác giả,đọc tuần tự,667,thật (Calibre),no
G71,"Xenos (Eisenhorn, #1)",Dan Abnett,9780743411691,288,4.0,2023/05/22,2023/05/21,1,2001,yes,yes,omnibus-series,1.0,Eisenhorn: The Omnibus,eng,Games Workshop,2023-05-07,1613,Warhammer 40K,tựa (ưu tiên),đọc tuần tự,288,thật (Goodreads),no
G72,"Baldur's Gate (Forgotten Realms: Baldur's Gate, #1)",Philip Athans,9780786915255,256,2.0,2023/05/05,2023/05/05,1,1998,no,yes,,,,,TSR,,,Tiểu thuyết tie-in (game khác),tựa (ưu tiên),đọc tuần tự,256,thật (Goodreads),no
G73,The Haves and the Have-Nots: A Brief and Idiosyncratic History of Global Inequality,Branko Milanović,9780465019748,272,4.0,2023/03/29,2023/03/24,1,2010,yes,yes,fuzzy,1.12,The Haves and the Have-Nots: A Brief and Idiosyncratic History of Global Inequality,eng,Basic Books,2023-01-25,286,Kinh tế & tài chính,tác giả,đọc tuần tự,286,thật (Calibre),no
G74,Stoner,John  Williams,9781590171998,292,5.0,2023/03/22,2023/03/17,1,1965,yes,yes,isbn,1.0,Stoner,eng,New York Review Books,2023-01-28,288,Văn học đương đại,tác giả,đọc tuần tự,288,thật (Calibre),no
G75,"The Shadow of the Gods (The Bloodsworn Saga, #1)",John Gwynne,9780356514185,480,5.0,2022/10/08,2022/09/05,1,2021,yes,yes,fuzzy,1.12,The Shadow of the Gods,eng,Orbit,2022-09-03,596,Fantasy,tác giả,đọc tuần tự,596,thật (Calibre),no
G76,"Liberty's Crusade (StarCraft, #1)",Jeff Grubb,9780671041489,256,4.0,2022/09/21,2022/09/21,1,2001,no,yes,,,,,Simon & Schuster,,,Tiểu thuyết tie-in (game khác),tựa (ưu tiên),đọc tuần tự,256,thật (Goodreads),no
G77,"Speaking Bones (The Dandelion Dynasty, #4)",Ken Liu,9781982148997,1069,3.0,2022/06/30,2022/06/30,1,2022,yes,yes,isbn,1.0,Speaking Bones,eng,S&S/Saga Press,2022-08-31,1270,Khoa học viễn tưởng,tác giả,đọc tuần tự,1270,thật (Calibre),no
G78,"Unsouled (Cradle, #1)",Will Wight,9781959001805,294,4.0,2022/06/17,2022/06/16,1,2016,no,yes,,,,,Hidden Gnome Publishing,,,Fantasy,tác giả,đọc tuần tự,294,thật (Goodreads),no
G79,"The Veiled Throne (The Dandelion Dynasty, #3)",Ken Liu,9781481424332,982,3.0,2022/05/26,2022/05/26,1,2021,yes,yes,fuzzy,1.12,The Veiled Throne,eng,Gallery / Saga Press,2021-12-06,1226,Khoa học viễn tưởng,tác giả,đọc tuần tự,1226,thật (Calibre),no
G80,"The Shadow Rising (The Wheel of Time, #4)",Robert Jordan,9780812513738,1007,5.0,2021/12/14,2021/12/13,1,1992,no,yes,,,,,Tom Doherty Tor Fantasy,,,Fantasy,tác giả,đọc tuần tự,1007,thật (Goodreads),no
G81,"The Dragon Reborn (The Wheel of Time, #3)",Robert Jordan,9780765305114,624,4.0,2021/11/18,2021/11/18,1,1991,no,yes,,,,,Tor Fantasy,,,Fantasy,tác giả,đọc tuần tự,624,thật (Goodreads),no
G82,"The Great Hunt (The Wheel of Time, #2)",Robert Jordan,9780812517729,705,4.0,2021/11/11,2021/11/11,1,1990,no,yes,,,,,Tor Books,,,Fantasy,tác giả,đọc tuần tự,705,thật (Goodreads),no
G83,Công Ty,Phan Hồn Nhiên,,452,4.0,2021/10/21,2021/10/21,1,2012,yes,yes,fuzzy,1.12,Công Ty,vie,NXB Trẻ,2021-05-09,319,Văn học & lịch sử Việt Nam,tác giả,đọc tuần tự,319,thật (Calibre),no
G84,"Fall of Giants (The Century Trilogy, #1)",Ken Follett,9780525951650,985,4.0,2021/07/11,2021/07/11,1,2005,yes,yes,fuzzy,1.12,Fall of Giants,eng,Viking,2021-05-11,1186,Tiểu thuyết lịch sử,tác giả,đọc tuần tự,1186,thật (Calibre),no
G85,"A Column of Fire (Kingsbridge, #3)",Ken Follett,9780525954972,916,3.0,2021/06/29,2021/06/29,1,2017,yes,yes,fuzzy,1.12,A Column of Fire,eng,Viking Penguin,2021-05-11,1082,Tiểu thuyết lịch sử,tác giả,đọc tuần tự,1082,thật (Calibre),no
G86,Lộc Đỉnh Ký,Jin Yong,,,5.0,2021/06/12,2021/06/20,1,1969,yes,yes,manual,1.0,Lộc đỉnh ký,vie,NXB Văn Học,2021-05-31,3576,Văn học Trung Quốc,tác giả,đọc tuần tự,3576,thật (Calibre),no
G87,"The Pillars of the Earth (Kingsbridge, #1)",Ken Follett,9780451222138,976,4.0,2021/06/20,2021/05/23,1,1989,yes,yes,fuzzy,1.12,The Pillars of the Earth,eng,Penguin Books,2021-06-21,1362,Tiểu thuyết lịch sử,tác giả,đọc tuần tự,1362,thật (Calibre),no
G88,Hương Mật Tựa Khói Sương,电线,,624,3.0,2019/02/09,2019/02/09,1,2014,no,yes,,,,,NXB Văn Học,,,Tra cứu & minh hoạ,loại,tra cứu,624,thật (Goodreads),no
G89,Project Hail Mary,Andy Weir,9780593135204,476,5.0,2021/05/13,2021/05/13,1,2021,yes,yes,isbn,1.0,Project Hail Mary,eng,Ballantine Books,2021-05-08,577,Khoa học viễn tưởng,tác giả,đọc tuần tự,577,thật (Calibre),no
G90,A Promised Land,Barack Obama,9781524763183,768,4.0,2021/05/07,2021/04/28,1,2020,yes,yes,fuzzy,1.12,A Promised Land,eng,Crown,2021-05-08,1058,Tiểu sử & hồi ký,tác giả,đọc tuần tự,1058,thật (Calibre),no
G91,Good Economics for Hard Times: Better Answers to Our Biggest Problems,Abhijit V. Banerjee,,417,5.0,2021/04/02,2021/03/18,1,2019,yes,yes,fuzzy,1.12,Good Economics for Hard Times,eng,PublicAffairs,2021-05-08,470,Kinh tế & tài chính,tác giả,đọc tuần tự,470,thật (Calibre),no
G92,"The Silkworm (Cormoran Strike, #2)",Robert Galbraith,9780316206877,464,4.0,2021/04/28,2021/04/16,1,2014,yes,yes,fuzzy,1.12,The Silkworm,eng,Mulholland Books,2021-05-08,575,Trinh thám & ly kỳ,tác giả,đọc tuần tự,575,thật (Calibre),no
G93,Trà Hoa Nữ,Alexandre Dumas fils,,298,4.0,2021/04/26,2021/04/25,1,1848,no,yes,,,,,Nxb. Văn Học,,,Văn học kinh điển,tác giả,đọc tuần tự,298,thật (Goodreads),no
G94,"The Cuckoo's Calling (Cormoran Strike, #1)",Robert Galbraith,9780316206846,456,4.0,2021/04/16,2021/04/16,1,2013,yes,yes,fuzzy,1.12,The Cuckoo's Calling,eng,Mulholland Books,2021-05-08,548,Trinh thám & ly kỳ,tác giả,đọc tuần tự,548,thật (Calibre),no
G95,Quân Khu Nam Đồng,Bình Ca,,437,3.0,2021/04/06,2021/04/06,1,2015,yes,yes,fuzzy,1.12,Quân Khu Nam Đồng,vie,NXB Trẻ,2024-03-19,280,Văn học & lịch sử Việt Nam,tác giả,đọc tuần tự,280,thật (Calibre),no
G96,Deep Work: Rules for Focused Success in a Distracted World,Cal Newport,9781455586691,296,4.0,2021/03/17,2021/03/16,1,2016,yes,yes,fuzzy,1.12,Deep Work: Rules for Focused Success in a Distracted World,eng,Grand Central Publishing,2021-05-08,235,Phát triển bản thân & năng suất,tác giả,đọc tuần tự,235,thật (Calibre),no
G97,Ngày xưa có một chuyện tình,Nguyễn Nhật Ánh,,334,3.0,2021/03/09,2021/03/08,1,2016,yes,yes,fuzzy,1.12,Ngày xưa có một chuyện tình,vie,NXB Trẻ,2024-03-19,63,Văn học & lịch sử Việt Nam,tác giả,đọc tuần tự,63,thật (Calibre),no
G98,Cánh chim trong gió,Lê Hồng Lâm,,292,4.0,2021/03/08,2021/03/08,1,2016,no,yes,,,,,Nhã Nam,,,Phê bình văn học & nghệ thuật,tác giả,đọc tuần tự,292,thật (Goodreads),no
G99,"Rhythm of War (The Stormlight Archive, #4)",Brandon Sanderson,9780765326386,1232,5.0,2020/12/10,2020/12/20,1,2020,yes,yes,fuzzy,1.12,Rhythm of War,eng,Tor Books,2021-05-08,1699,Fantasy,tác giả,đọc tuần tự,1699,thật (Calibre),no
G100,Digital Minimalism: Choosing a Focused Life in a Noisy World,Cal Newport,,302,5.0,2020/10/05,2020/10/05,1,2019,yes,yes,fuzzy,1.12,Digital Minimalism: Choosing a Focused Life in a Noisy World,eng,Portfolio,2021-05-08,256,Phát triển bản thân & năng suất,tác giả,đọc tuần tự,256,thật (Calibre),no
G101,"The Testaments (The Handmaid's Tale, #2)",Margaret Atwood,,422,5.0,2020/08/14,2020/08/13,1,2019,yes,yes,fuzzy,1.12,The Testaments,eng,Nan A. Talese,2021-05-08,364,Văn học đương đại,tác giả,đọc tuần tự,364,thật (Calibre),no
G102,"The Handmaid’s Tale (The Handmaid's Tale, #1)",Margaret Atwood,9780385490818,311,5.0,2020/08/05,2020/08/03,1,1985,yes,yes,fuzzy,1.12,The Handmaid's Tale,eng,Anchor Books,2021-05-08,321,Văn học đương đại,tác giả,đọc tuần tự,321,thật (Calibre),no
G103,TJ Walker's Secret to Foolproof Presentations,T.J. Walker,9781929774883,193,4.0,2020/07/15,2020/07/15,1,2009,no,yes,,,,,Greenleaf Book Group Llc,,,Phát triển bản thân & năng suất,tác giả,đọc tuần tự,193,thật (Goodreads),no
G104,21 Lessons for the 21st Century,Yuval Noah Harari,9780525512172,372,5.0,2020/05/30,2020/05/29,1,2018,yes,yes,fuzzy,1.12,21 Lessons for the 21st Century,eng,Random House,2021-05-08,390,Lịch sử,tác giả,đọc tuần tự,390,thật (Calibre),no
G105,"Guns, Germs, and Steel: The Fates of Human Societies",Jared Diamond,9780739467350,498,4.0,2020/05/14,2020/02/16,1,1997,yes,yes,fuzzy,1.12,"Guns, Germs and Steel",eng,W.W. Norton & Company,2021-05-08,638,Lịch sử,tác giả,đọc tuần tự,638,thật (Calibre),no
G106,A Little History of Economics,Niall Kishtainy,9780300206364,256,4.0,2020/02/16,2020/02/05,1,2017,yes,yes,isbn,1.0,A Little History of Economics,eng,Yale University Press,2021-05-08,272,Kinh tế & tài chính,tựa (ưu tiên),đọc tuần tự,272,thật (Calibre),no
G107,"City of Miracles (The Divine Cities, #3)",Robert Jackson Bennett,9780553419733,451,4.0,2020/01/27,2020/01/22,1,2017,yes,yes,isbn,1.0,City of Miracles,eng,Broadway Books,2021-05-08,600,Fantasy,tác giả,đọc tuần tự,600,thật (Calibre),no
G108,GDP: A Brief but Affectionate History,Diane Coyle,9780691156798,168,4.0,2020/01/27,2020/01/27,1,2014,yes,yes,isbn,1.0,GDP: A Brief but Affectionate History,eng,Princeton University Press,2021-05-10,160,Kinh tế & tài chính,tác giả,đọc tuần tự,160,thật (Calibre),no
G109,"City of Blades (The Divine Cities, #2)",Robert Jackson Bennett,9780553419719,484,4.0,2020/01/22,2020/01/22,1,2016,yes,yes,isbn,1.0,City of Blades,eng,Broadway Books,2021-05-08,598,Fantasy,tác giả,đọc tuần tự,598,thật (Calibre),no
G110,"City of Stairs (The Divine Cities, #1)",Robert Jackson Bennett,9780804137171,452,5.0,2020/01/17,2020/01/15,1,2014,yes,yes,isbn,1.0,City of Stairs,eng,Del Rey,2021-05-08,560,Fantasy,tác giả,đọc tuần tự,560,thật (Calibre),no
G111,Atomic Habits: An Easy & Proven Way to Build Good Habits & Break Bad Ones,James Clear,,319,4.0,2020/01/17,2020/01/05,1,2018,yes,yes,fuzzy,1.12,Atomic Habits,eng,Avery,2021-05-08,285,Phát triển bản thân & năng suất,tác giả,đọc tuần tự,285,thật (Calibre),no
G112,"Sword of Destiny (The Witcher, #0.7)",Andrzej Sapkowski,9781473211537,384,5.0,2020/01/05,2020/01/01,1,1992,no,yes,,,,,Gollancz,,,Fantasy,tác giả,đọc tuần tự,384,thật (Goodreads),no
G113,"The Dragon Republic (The Poppy War, #2)",R.F. Kuang,,658,4.0,2019/09/02,2020/01/01,1,2019,no,yes,,,,,Harper Voyager,,,Fantasy,tác giả,đọc tuần tự,658,thật (Goodreads),no
G114,"The Last Wish (The Witcher, #0.5)",Andrzej Sapkowski,,400,5.0,2019/12/18,2020/01/01,1,1993,no,yes,,,,,Orbit,,,Fantasy,tác giả,đọc tuần tự,400,thật (Goodreads),no
G115,"The Poppy War (The Poppy War, #1)",R.F. Kuang,9780062662590,545,4.0,2019/08/17,2019/08/17,1,2018,no,yes,,,,,Harper Voyager,,,Fantasy,tác giả,đọc tuần tự,545,thật (Goodreads),no
G116,"The Bullet Journal Method: Track Your Past, Order Your Present, Plan Your Future",Ryder Carroll,9780525533344,336,4.0,2019/07/25,2019/07/24,1,2018,yes,yes,fuzzy,1.12,The Bullet Journal Method,eng,Penguin Publishing Group,2021-05-08,258,Phát triển bản thân & năng suất,tác giả,đọc tuần tự,258,thật (Calibre),no
G117,Ba phút sự thật,Phùng Quán,,280,5.0,2019/07/18,2019/07/17,1,2011,yes,yes,fuzzy,1.12,Ba phút sự thật,vie,nxb Văn Hóa Văn Nghệ,2021-05-09,120,Văn học & lịch sử Việt Nam,tác giả,đọc tuần tự,120,thật (Calibre),no
G118,Những ngã tư và những cột đèn,Trần Dần,,344,5.0,2019/07/10,2019/07/07,1,2010,yes,yes,fuzzy,1.12,Những ngã tư và những cột đèn,vie,Nhã Nam & NXB Hội nhà văn,2021-05-09,230,Văn học & lịch sử Việt Nam,tác giả,đọc tuần tự,230,thật (Calibre),no
G119,A Little History of the World,E.H. Gombrich,9780300197181,368,5.0,2019/07/06,2019/07/02,1,1936,yes,yes,fuzzy,1.12,A Little History of the World,eng,Yale University Press,2021-05-10,348,Lịch sử,tác giả,đọc tuần tự,348,thật (Calibre),no
G120,Capitalism in America: An Economic History of the United States,Alan Greenspan,9780735222458,496,4.0,2019/06/03,2019/05/22,1,2018,yes,yes,isbn,1.0,Capitalism in America: An Economic History of the United States,eng,Penguin Random House,2021-05-08,537,Kinh tế & tài chính,tác giả,đọc tuần tự,537,thật (Calibre),no
G121,"Northern Lights (His Dark Materials, #1)",Philip Pullman,9780590660549,399,4.0,2018/12/23,2018/12/22,1,1995,no,yes,,,,,Scholastic Point,,,Fantasy,tác giả,đọc tuần tự,399,thật (Goodreads),no
G122,"The Long Way to a Small, Angry Planet (Wayfarers, #1)",Becky Chambers,9781500453305,518,4.0,2019/02/10,2019/02/03,1,2014,yes,yes,isbn,1.0,"The Long Way to a Small, Angry Planet",eng,CreateSpace Independent Publishing Platform ,2021-05-09,483,Khoa học viễn tưởng,tác giả,đọc tuần tự,483,thật (Calibre),no
G123,Homo Deus: A History of Tomorrow,Yuval Noah Harari,,450,4.0,2019/02/02,2019/01/29,1,2015,yes,yes,fuzzy,1.12,Homo Deus: A Brief History of Tomorrow,eng,Harper,2021-05-08,448,Lịch sử,tác giả,đọc tuần tự,448,thật (Calibre),no
G124,Watchmen,Alan Moore,9780930289232,416,5.0,2019/01/28,2019/01/25,1,1987,no,yes,,,,,DC Comics,,,Văn học đương đại,tác giả,đọc tuần tự,416,thật (Goodreads),no
G125,The Happiness Hack: How to Take Charge of Your Brain and Program More Happiness into Your Life,Ellen Petry Leanse,9781492656913,128,3.0,2019/01/27,2019/01/27,1,2017,no,yes,,,,,Simple Truths,,,Tâm lý & hành vi,từ khoá,đọc tuần tự,128,thật (Goodreads),no
G126,"The Amber Spyglass (His Dark Materials, #3)",Philip Pullman,9780440238157,465,4.0,2019/01/21,2019/01/15,1,2000,yes,yes,fuzzy,1.12,The Amber Spyglass,eng,Laurel Leaf,2026-03-13,,Fantasy,tác giả,đọc tuần tự,465,thật (Goodreads),no
G127,Fear: Trump in the White House,Bob Woodward,9781501175510,448,4.0,2019/01/15,2019/01/12,1,2018,yes,yes,fuzzy,1.12,Fear: Trump in the White House,eng,Simon & Schuster,2021-10-23,525,Chính trị & xã hội,tác giả,đọc tuần tự,525,thật (Calibre),no
G128,Man's Search for Meaning,Viktor E. Frankl,9780807014295,165,5.0,2018/12/07,2018/12/07,1,1946,yes,yes,fuzzy,1.12,Man's Search for Meaning,eng,Beacon Press,2026-03-13,,Tâm lý & hành vi,tác giả,đọc tuần tự,165,thật (Goodreads),no
G129,Naked Money: A Revealing Look at What It Is and Why It Matters,Charles Wheelan,9780393069020,368,5.0,2018/12/01,2018/10/19,1,2016,yes,yes,fuzzy,1.12,Naked Money: A Revealing Look at Our Financial System,eng,W. W. Norton & Company,2021-10-23,455,Kinh tế & tài chính,tựa (ưu tiên),đọc tuần tự,455,thật (Calibre),no
G130,Leviathan Wakes,James S.A. Corey,9781841499888,561,4.0,2018/10/19,2018/10/12,1,2011,yes,yes,isbn,1.0,Leviathan Wakes,eng,Orbit,2021-10-03,623,Khoa học viễn tưởng,tác giả,đọc tuần tự,623,thật (Calibre),no
G131,When: The Scientific Secrets of Perfect Timing,Daniel H. Pink,9780735210622,272,4.0,2018/10/08,2018/10/02,1,2018,yes,yes,fuzzy,1.12,When: The Scientific Secrets of Perfect Timing,eng,Riverhead Books,2023-03-24,226,Tâm lý & hành vi,tác giả,đọc tuần tự,226,thật (Calibre),no
G132,Shoe Dog: A Memoir by the Creator of Nike,Phil Knight,9781501135910,400,5.0,2018/08/07,2018/08/01,1,2016,yes,yes,fuzzy,1.12,Shoe Dog,eng,Scribner,2022-09-01,400,Tiểu sử & hồi ký,từ khoá,đọc tuần tự,400,thật (Calibre),no
G133,Little Fires Everywhere,Celeste Ng,9780735224292,338,5.0,2018/07/31,2018/07/22,1,2017,yes,yes,isbn,1.0,Little Fires Everywhere,eng,Penguin Press,2021-05-11,328,Văn học đương đại,tác giả,đọc tuần tự,328,thật (Calibre),no
G134,"Edgedancer (The Stormlight Archive, #2.5)",Brandon Sanderson,9781250166548,272,4.0,2017/12/31,2017/12/31,1,2016,no,yes,,,,,Tor Books,,,Fantasy,tác giả,đọc tuần tự,272,thật (Goodreads),no
G135,Sapiens: A Brief History of Humankind,Yuval Noah Harari,,512,5.0,2018/01/21,2018/01/16,1,2011,yes,yes,fuzzy,1.12,Sapiens: A Brief History of Humankind,eng,Vintage,2021-05-08,447,Lịch sử,tác giả,đọc tuần tự,447,thật (Calibre),no
G136,"House of Chains (Malazan Book of the Fallen, #4)",Steven Erikson,9780765348814,1015,5.0,2018/06/20,2018/06/20,1,2002,no,yes,,,,,Tom Doherty Associates,,,Fantasy,tác giả,đọc tuần tự,1015,thật (Goodreads),no
G137,My Name is Red,Orhan Pamuk,9780571214198,508,4.0,2014/01/17,2014/01/01,1,1998,yes,yes,fuzzy,1.12,My Name Is Red,eng,Faber & Faber,2026-03-11,,Văn học đương đại,tác giả,đọc tuần tự,508,thật (Goodreads),no
G138,Born a Crime: Stories from a South African Childhood,Trevor Noah,9780385689229,289,5.0,2018/07/22,2018/05/26,1,2016,yes,yes,fuzzy,1.12,Born a Crime,eng,Doubleday Canada,2023-03-27,271,Tiểu sử & hồi ký,tác giả,đọc tuần tự,271,thật (Calibre),no
G139,The Outsider,Stephen  King,,577,4.0,2018/07/02,2018/06/07,1,2018,yes,yes,fuzzy,1.12,The Outsider,eng,Scribner,2021-05-11,576,Trinh thám & ly kỳ,tác giả,đọc tuần tự,576,thật (Calibre),no
G140,The Undercover Economist,Tim Harford,9780195189773,288,5.0,2018/06/07,2018/06/03,1,2005,yes,yes,isbn,1.0,The Undercover Economist,eng,Oxford University Press,2022-10-08,319,Kinh tế & tài chính,tác giả,đọc tuần tự,319,thật (Calibre),no
G141,The Obstacle Is the Way: The Timeless Art of Turning Trials into Triumph,Ryan Holiday,9781591846352,201,3.0,2018/05/28,2018/05/21,1,2014,yes,yes,fuzzy,1.12,The Obstacle Is the Way: The Timeless Art of Turning Trials Into Triumph,eng,Portfolio,2022-09-08,166,Phát triển bản thân & năng suất,tác giả,đọc tuần tự,166,thật (Calibre),no
G142,Fahrenheit 451,Ray Bradbury,9780307347978,158,5.0,2018/05/25,2018/05/25,1,1963,no,yes,,,,,DeBolsillo,,,Khoa học viễn tưởng,tác giả,đọc tuần tự,158,thật (Goodreads),no
G143,Sử Việt - 12 Khúc Tráng Ca,Dũng Phan,9786045388716,272,3.0,2018/05/22,2018/04/30,1,2017,no,yes,,,,,Nxb. Hội Nhà Văn,,,Văn học & lịch sử Việt Nam,tác giả,đọc tuần tự,272,thật (Goodreads),no
G144,"Memory Man (Amos Decker, #1)",David Baldacci,9781455559824,416,4.0,2018/05/18,2018/05/20,1,2015,yes,yes,fuzzy,1.12,Memory Man,eng,Grand Central Publishing,2026-03-13,,Trinh thám & ly kỳ,tác giả,đọc tuần tự,416,thật (Goodreads),no
G145,"Why Nations Fail: The Origins of Power, Prosperity, and Poverty",Daron Acemoğlu,9780307719218,529,3.0,2018/04/30,2018/03/12,1,2012,yes,yes,fuzzy,1.12,"Why Nations Fail: The Origins of Power, Prosperity, and Poverty",eng,Crown Currency,2023-03-25,548,Kinh tế & tài chính,tác giả,đọc tuần tự,548,thật (Calibre),no
G146,The Subtle Art of Not Giving a F*ck: A Counterintuitive Approach to Living a Good Life,Mark Manson,9798804636129,212,3.0,2018/03/12,2018/03/08,1,2016,yes,yes,fuzzy,1.12,The Subtle Art of Not Giving a F*ck: A Counterintuitive Approach to Living a Good Life,eng,Harper,2026-03-13,,Phát triển bản thân & năng suất,tác giả,đọc tuần tự,212,thật (Goodreads),no
G147,Tội Ác Và Hình Phạt,Fyodor Dostoevsky,,630,5.0,2018/03/08,2018/01/17,1,1866,no,yes,,,,,NXB Văn Học,,,Văn học kinh điển,tác giả,đọc tuần tự,630,thật (Goodreads),no
G148,Tư duy kinh tế Việt Nam 1975-1989,Đặng Phong,,476,4.0,2018/02/04,2017/04/16,1,2008,no,yes,,,,,Nhà Xuất Bản Tri Thức,,,Văn học & lịch sử Việt Nam,tác giả,đọc tuần tự,476,thật (Goodreads),no
G149,"Oathbringer (The Stormlight Archive, #3)",Brandon Sanderson,,1248,5.0,2018/01/11,2018/01/07,1,2017,yes,yes,fuzzy,1.12,Oathbringer,eng,Tor Books,2021-05-08,1767,Fantasy,tác giả,đọc tuần tự,1767,thật (Calibre),no
G150,"Words of Radiance (The Stormlight Archive, #2)",Brandon Sanderson,9780765326362,1088,5.0,2014/03/15,2014/05/19,2,2014,yes,yes,isbn,1.0,Words of Radiance,eng,Tor Books,2025-01-08,1553,Fantasy,tác giả,đọc tuần tự,1553,thật (Calibre),no
G151,"The Way of Kings (The Stormlight Archive, #1)",Brandon Sanderson,9780765326355,1007,5.0,2014/01/18,2014/01/18,2,2010,yes,yes,isbn,1.0,The Way of Kings,eng,Tor Books,2025-01-08,1431,Fantasy,tác giả,đọc tuần tự,1431,thật (Calibre),no
G152,"Memories of Ice (Malazan Book of the Fallen, #3)",Steven Erikson,9780765348807,925,5.0,2017/11/17,2017/11/17,1,2001,no,yes,,,,,Tor Fantasy,,,Fantasy,tác giả,đọc tuần tự,925,thật (Goodreads),no
G153,Never Let Me Go,Kazuo Ishiguro,9781400078776,288,5.0,2017/10/09,2017/10/08,1,2005,yes,yes,fuzzy,1.12,Never Let Me Go,eng,Vintage Books ,2026-03-13,,Văn học đương đại,tác giả,đọc tuần tự,288,thật (Goodreads),no
G154,Bổn Vương ở đây,Cửu Lộ Phi Hương,,549,3.0,2017/10/07,2017/10/08,1,2014,no,yes,,,,,NXB Thế Giới,,,Văn học Trung Quốc,tác giả,đọc tuần tự,549,thật (Goodreads),no
G155,"Heir of Novron (The Riyria Revelations, #5-6)",Michael J. Sullivan,9780316187718,932,4.0,2017/09/25,2017/08/25,1,2012,yes,yes,fuzzy,1.12,Heir of Novron,eng,Orbit,2024-06-01,990,Fantasy,tác giả,đọc tuần tự,990,thật (Calibre),no
G156,Trần Khánh Dư,Lưu Sơn Minh,,276,4.0,2017/09/20,2017/09/19,1,2016,no,yes,,,,,Đông A,,,Văn học & lịch sử Việt Nam,tác giả,đọc tuần tự,276,thật (Goodreads),no
G157,"The Fifth Season (The Broken Earth, #1)",N.K. Jemisin,,468,4.0,2017/08/26,2017/08/25,1,2015,no,yes,,,,,Orbit,,,Fantasy,tác giả,đọc tuần tự,468,thật (Goodreads),no
G158,"Rise of Empire (The Riyria Revelations, #3-4)",Michael J. Sullivan,9780316187701,816,3.0,2017/07/30,2017/08/05,1,2010,yes,yes,fuzzy,1.12,Rise of Empire,eng,Orbit,2024-06-01,830,Fantasy,tác giả,đọc tuần tự,830,thật (Calibre),no
G159,"Theft of Swords (The Riyria Revelations, #1-2)",Michael J. Sullivan,9780316187749,691,3.0,2017/07/25,2017/06/15,1,2011,yes,yes,fuzzy,1.12,Theft of Swords,eng,Orbit,2024-06-01,716,Fantasy,tác giả,đọc tuần tự,716,thật (Calibre),no
G160,The Road to Character,David  Brooks,9780812993257,320,2.0,2017/07/14,2017/03/27,1,2015,yes,yes,isbn,1.0,The Road to Character,eng,Random House,2026-03-13,,Chính trị & xã hội,tác giả,đọc tuần tự,320,thật (Goodreads),no
G161,"Night of Knives (Novels of the Malazan Empire, #1)",Ian C. Esslemont,9780593057810,304,4.0,2017/06/19,2017/06/18,1,2004,yes,yes,fuzzy,1.12,Night of Knives,eng,Bantam Press,2026-03-18,,Fantasy,tác giả,đọc tuần tự,304,thật (Goodreads),no
G162,"Harry Potter and the Deathly Hallows (Harry Potter, #7)",J.K. Rowling,,759,4.0,2007/09/09,2012/02/26,2,2007,yes,yes,omnibus,0.72,Harry Potter: The Complete Collection,eng,Arthur A. Levine Books,2021-05-09,4134,Fantasy,tác giả,đọc tuần tự,759,thật (Goodreads),no
G163,"Gardens of the Moon (Malazan Book of the Fallen, #1)",Steven Erikson,9780765348784,666,4.0,2017/05/27,2012/03/04,1,1999,no,yes,,,,,Tor Books,,,Fantasy,tác giả,đọc tuần tự,666,thật (Goodreads),no
G164,Freakonomics: A Rogue Economist Explores the Hidden Side of Everything,Steven D. Levitt,9780061234002,268,3.0,2015/09/30,2015/09/29,1,2005,yes,yes,fuzzy,1.12,Freakonomics: A Rogue Economist Explores the Hidden Side of Everything,eng,William Morrow,2021-05-08,339,Kinh tế & tài chính,tác giả,đọc tuần tự,339,thật (Calibre),no
G165,"Killing Floor (Jack Reacher, #1)",Lee Child,9780515141429,474,4.0,2014/11/13,2014/11/18,1,1997,yes,yes,fuzzy,1.12,Killing Floor,eng,Jove,2026-03-12,,Trinh thám & ly kỳ,tác giả,đọc tuần tự,474,thật (Goodreads),no
G166,The Checklist Manifesto: How to Get Things Right,Atul Gawande,9780805091748,208,2.0,2017/04/29,2017/04/29,1,2009,yes,yes,fuzzy,1.12,The Checklist Manifesto: How to Get Things Right,eng,Metropolitan Books,2026-03-13,,Kinh doanh & quản trị,tác giả,đọc tuần tự,208,thật (Goodreads),no
G167,Bức Xúc Không Làm Ta Vô Can,Đặng Hoàng Giang,9786045342411,221,5.0,2016/04/10,2016/04/09,1,2015,no,yes,,,,,Nhã Nam & Nxb Hội Nhà Văn,,,Chính trị & xã hội,tác giả,đọc tuần tự,221,thật (Goodreads),no
G168,"Mr. Mercedes (Bill Hodges, #1)",Stephen  King,9781476754451,437,4.0,2017/04/01,2017/03/26,1,2014,yes,yes,fuzzy,1.12,Mr. Mercedes,eng,Scribner,2023-04-24,494,Trinh thám & ly kỳ,tác giả,đọc tuần tự,494,thật (Calibre),no
G169,The Kite Runner,Khaled Hosseini,9781594631931,371,5.0,2017/03/26,2016/06/18,1,2003,yes,yes,fuzzy,1.12,The Kite Runner,eng,Riverhead Books,2021-05-09,360,Văn học đương đại,tác giả,đọc tuần tự,360,thật (Calibre),no
G170,How Not to Be Wrong: The Power of Mathematical Thinking,Jordan Ellenberg,9781594205224,480,4.0,2017/03/20,2017/03/19,1,2014,yes,yes,isbn,1.0,How Not to Be Wrong: The Power of Mathematical Thinking,eng,Penguin Press,2026-03-13,,Tâm lý & hành vi,từ khoá,đọc tuần tự,480,thật (Goodreads),no
G171,And Then There Were None,Agatha Christie,9780312330873,264,5.0,2017/02/26,2017/02/25,1,1939,yes,yes,fuzzy,1.12,And Then There Were None,eng,St. Martin's Griffin,2026-03-13,,Trinh thám & ly kỳ,tác giả,đọc tuần tự,264,thật (Goodreads),no
G172,"The Wall of Storms (The Dandelion Dynasty, #2)",Ken Liu,9781784973254,880,4.0,2017/02/25,2017/02/24,1,2016,yes,yes,fuzzy,1.12,The Wall of Storms,eng,Head of Zeus,2021-05-11,975,Khoa học viễn tưởng,tác giả,đọc tuần tự,975,thật (Calibre),no
G173,"The Grace of Kings (The Dandelion Dynasty, #1)",Ken Liu,9781481424271,640,3.0,2017/01/31,2017/01/25,1,2015,yes,yes,fuzzy,1.12,The Grace of Kings,eng,Saga Press,2021-05-11,693,Khoa học viễn tưởng,tác giả,đọc tuần tự,693,thật (Calibre),no
G174,Trai nước Nam làm gì?,Hoàng Đạo Thúy,,110,5.0,2017/01/22,2017/01/21,1,2016,no,yes,,,,,"Nhã Nam, NXB Hà Nội",,,Văn học & lịch sử Việt Nam,tác giả,đọc tuần tự,110,thật (Goodreads),no
G175,"Elantris (Elantris, #1)",Brandon Sanderson,9780765350374,638,4.0,2016/12/17,2016/12/17,1,2005,yes,yes,fuzzy,1.12,Elantris,eng,Tor Fantasy,2023-03-25,756,Fantasy,tác giả,đọc tuần tự,756,thật (Calibre),no
G176,"The Golem and the Jinni (The Golem and the Jinni, #1)",Helene Wecker,9780062110831,486,5.0,2017/01/11,2016/12/31,1,2013,yes,yes,fuzzy,1.12,The Golem and the Jinni,eng,Harper,2026-03-13,,Fantasy,tác giả,đọc tuần tự,486,thật (Goodreads),no
G177,The Alchemist,Paulo Coelho,9780061122415,197,4.0,2016/12/28,2016/12/27,1,1988,yes,yes,fuzzy,1.12,The Alchemist,eng,HarperCollins,2026-03-13,,Văn học đương đại,tác giả,đọc tuần tự,197,thật (Goodreads),no
G178,"Death's End (Remembrance of Earth’s Past, #3)",Liu Cixin,9780765377104,604,5.0,2016/10/18,2016/10/18,1,2010,yes,yes,fuzzy,1.12,Death’s End,eng,TOR,2021-05-11,763,Khoa học viễn tưởng,tác giả,đọc tuần tự,763,thật (Calibre),no
G179,The Consolations of Philosophy,Alain de Botton,,265,4.0,2016/09/26,2016/09/24,1,2000,yes,yes,fuzzy,1.12,The Consolations of Philosophy,eng,Vintage,2026-03-13,,Triết học & tôn giáo,tác giả,đọc tuần tự,265,thật (Goodreads),no
G180,Con Chó Nhỏ Mang Giỏ Hoa Hồng,Nguyễn Nhật Ánh,9786041081291,260,3.0,2016/09/08,2016/09/09,1,2016,no,yes,,,,,NXB Trẻ,,,Văn học & lịch sử Việt Nam,tác giả,đọc tuần tự,260,thật (Goodreads),no
G181,Đời Về Cơ Bản Là Buồn Cười,Lê Bích,,162,4.0,2016/09/08,2016/09/09,1,2015,no,yes,,,,,NXB Hội Nhà Văn,,,Văn học & lịch sử Việt Nam,tác giả,đọc tuần tự,162,thật (Goodreads),no
G182,The Girl on the Train,Paula Hawkins,9781594633669,336,4.0,2016/08/02,2016/08/11,1,2015,yes,yes,fuzzy,1.12,The Girl on the Train,eng,Riverhead Books,2026-03-13,,Trinh thám & ly kỳ,tác giả,đọc tuần tự,336,thật (Goodreads),no
G183,"Wolf Hall (Thomas Cromwell, #1)",Hilary Mantel,,653,5.0,2016/08/03,2016/08/02,1,2009,yes,yes,fuzzy,1.12,Wolf Hall,eng,HarperCollins Publishers Ltd,2021-05-11,544,Tiểu thuyết lịch sử,tác giả,đọc tuần tự,544,thật (Calibre),no
G184,"Harry Potter and the Cursed Child: Parts One and Two (Harry Potter, #8)",J.K. Rowling,9780540027347,343,4.0,2016/07/31,2016/07/31,1,2016,yes,yes,fuzzy,0.953,Harry Potter and the Cursed Child - Parts One and Two: The Official Playscript of the Original West End Production,eng,"Little, Brown",2021-05-09,248,Fantasy,tác giả,đọc tuần tự,248,thật (Calibre),no
G185,"The Information: A History, a Theory, a Flood",James Gleick,9780375423727,527,4.0,2016/07/20,2016/07/05,1,2011,yes,yes,fuzzy,1.12,"The Information: A History, a Theory, a Flood",eng,Knopf Doubleday Publishing Group,2026-03-13,,Kinh tế & tài chính,tựa (ưu tiên),đọc tuần tự,527,thật (Goodreads),no
G186,The Warded Man (Demon Cycle #1),Peter V. Brett,9780345503800,416,4.0,2016/07/04,2016/07/13,1,2008,no,yes,,,,,Random House,,,Fantasy,tác giả,đọc tuần tự,416,thật (Goodreads),no
G187,"The Desert Spear (The Demon Cycle, #2)",Peter V. Brett,9780345503817,579,2.0,2016/07/13,2016/07/18,1,2010,no,yes,,,,,Del Rey,,,Fantasy,tác giả,đọc tuần tự,579,thật (Goodreads),no
G188,"A Knight of the Seven Kingdoms (The Tales of Dunk and Egg, #1-3)",George R.R. Martin,,355,5.0,2016/06/28,2016/06/26,1,2013,yes,yes,manual,1.0,A Knight of the Seven Kingdoms Collector's Edition,eng,Bantam Books,2026-01-27,,Fantasy,tác giả,đọc tuần tự,355,thật (Goodreads),no
G189,The Signal and the Noise: Why So Many Predictions Fail—But Some Don't,Nate Silver,9781594204111,544,5.0,2016/06/26,2016/06/16,1,2012,yes,yes,fuzzy,1.12,The Signal and the Noise,eng,Penguin,2022-10-11,660,Khoa học & công nghệ,tác giả,đọc tuần tự,660,thật (Calibre),no
G190,The Curious Incident of the Dog in the Night-Time,Mark Haddon,9781400032716,226,4.0,2016/06/16,2016/06/12,1,2003,yes,yes,fuzzy,1.12,The Curious Incident of the Dog in the Night-Time,eng,Vintage,2026-03-13,,Văn học đương đại,tác giả,đọc tuần tự,226,thật (Goodreads),no
G191,How to Lie with Statistics,Darrell Huff,9780393310726,142,4.0,2016/06/12,2016/06/05,1,1954,yes,yes,fuzzy,1.12,How to Lie With Statistics,eng,W. W. Norton & Company,2026-03-12,,Khoa học & công nghệ,tác giả,đọc tuần tự,142,thật (Goodreads),no
G192,Catch-22,Joseph Heller,9780684833392,453,5.0,2016/06/11,2016/04/18,1,1961,yes,yes,fuzzy,1.12,Catch-22,eng,Simon & Schuster ,2026-03-12,,Văn học kinh điển,tác giả,đọc tuần tự,453,thật (Goodreads),no
G193,Uprooted,Naomi Novik,9780804179034,438,3.0,2016/05/27,2016/05/26,1,2015,yes,yes,fuzzy,1.12,Uprooted,eng,Del Rey,2026-03-12,,Văn học đương đại,tác giả,đọc tuần tự,438,thật (Goodreads),no
G194,"The Sympathizer (The Sympathizer, #1)",Viet Thanh Nguyen,9780802123459,384,4.0,2016/05/20,2016/04/20,1,2015,no,yes,,,,,Grove Press,,,Văn học đương đại,tác giả,đọc tuần tự,384,thật (Goodreads),no
G195,Sông,Nguyễn Ngọc Tư,,229,4.0,2016/04/04,2016/04/04,1,2012,no,yes,,,,,NXB Trẻ,,,Văn học & lịch sử Việt Nam,tác giả,đọc tuần tự,229,thật (Goodreads),no
G196,"Steelheart (The Reckoners, #1)",Brandon Sanderson,,400,4.0,2016/03/11,2016/02/02,1,2013,yes,yes,fuzzy,1.12,Steelheart,eng,Delacorte Press,2026-03-12,,Fantasy,tác giả,đọc tuần tự,400,thật (Goodreads),no
G197,"Morning Star (Red Rising Saga, #3)",Pierce Brown,,524,4.0,2016/03/11,2016/02/10,1,2016,yes,yes,fuzzy,1.12,Morning Star,eng,Del Rey,2026-03-12,,Khoa học viễn tưởng,tác giả,đọc tuần tự,524,thật (Goodreads),no
G198,"The Great Escape: Health, Wealth, and the Origins of Inequality",Angus Deaton,9781400847969,362,3.0,2016/02/06,2015/02/16,1,2013,yes,yes,fuzzy,1.12,"The Great Escape: Health, Wealth, and the Origins of Inequality",eng,Princeton University Press,2023-03-24,367,Kinh tế & tài chính,từ khoá,đọc tuần tự,367,thật (Calibre),no
G199,Mắt Biếc,Nguyễn Nhật Ánh,,298,3.0,2021/03/13,2016/01/28,1,1990,yes,yes,fuzzy,1.12,Mắt Biếc,vie,NXB Trẻ,2024-03-19,170,Văn học & lịch sử Việt Nam,tác giả,đọc tuần tự,170,thật (Calibre),no
G200,War and Peace,Leo Tolstoy,9781400079988,1273,5.0,2016/01/27,2016/01/06,1,1868,yes,yes,fuzzy,1.12,War and Peace,eng,Vintage Classics,2025-09-05,2018,Văn học kinh điển,tác giả,đọc tuần tự,2018,thật (Calibre),no
G201,The Nightingale,Kristin Hannah,9780312577223,440,5.0,2015/12/30,2015/12/26,1,2015,yes,yes,fuzzy,1.12,The Nightingale,eng,St. Martin's Press,2021-05-09,564,Văn học đương đại,tác giả,đọc tuần tự,564,thật (Calibre),no
G202,"Golden Son (Red Rising Saga, #2)",Pierce Brown,9780345539823,466,4.0,2015/12/25,2015/12/24,1,2015,yes,yes,isbn,1.0,Golden Son,eng,Del Rey,2026-03-12,,Khoa học viễn tưởng,tác giả,đọc tuần tự,466,thật (Goodreads),no
G203,"Red Rising (Red Rising Saga, #1)",Pierce Brown,,382,4.0,2015/12/21,2015/12/23,1,2014,yes,yes,fuzzy,1.12,Red Rising,eng,Del Rey,2026-03-12,,Khoa học viễn tưởng,tác giả,đọc tuần tự,382,thật (Goodreads),no
G204,"Dune (Dune, #1)",Frank Herbert,9780340839935,604,5.0,2015/12/20,2015/12/19,1,1965,yes,yes,fuzzy,1.12,Dune,eng,Hodder,2026-03-13,,Khoa học viễn tưởng,tác giả,đọc tuần tự,604,thật (Goodreads),no
G205,Between the World and Me,Ta-Nehisi Coates,,152,5.0,2015/12/07,2015/12/04,1,2015,yes,yes,fuzzy,1.12,Between the World and Me,eng,Spiegel & Grau,2021-05-11,104,Chính trị & xã hội,tác giả,đọc tuần tự,104,thật (Calibre),no
G206,"The Aeronaut's Windlass (The Cinder Spires, #1)",Jim  Butcher,9780451466808,630,4.0,2015/12/03,2015/12/03,1,2015,yes,yes,fuzzy,1.12,The Aeronaut's Windlass,eng,Roc,2023-11-06,679,Trinh thám & ly kỳ,tác giả,đọc tuần tự,679,thật (Calibre),no
G207,"The Dark Forest (Remembrance of Earth’s Past, #2)",Liu Cixin,,512,4.0,2015/11/25,2015/11/24,1,2008,yes,yes,fuzzy,1.12,The Dark Forest,eng,Tor Books,2021-05-11,655,Khoa học viễn tưởng,tác giả,đọc tuần tự,655,thật (Calibre),no
G208,"The Three-Body Problem (Remembrance of Earth’s Past, #1)",Liu Cixin,,472,3.0,2015/11/15,2015/11/14,1,2006,yes,yes,fuzzy,1.12,The Three-Body Problem,eng,Tor Books,2021-05-11,420,Khoa học viễn tưởng,tác giả,đọc tuần tự,420,thật (Calibre),no
G209,A Short History of Nearly Everything,Bill  Bryson,9780767908184,544,5.0,2015/11/08,2015/11/01,1,2003,no,yes,,,,,Crown,,,Khoa học & công nghệ,tựa (ưu tiên),đọc tuần tự,544,thật (Goodreads),no
G210,"Thinking, Fast and Slow",Daniel Kahneman,9780374275631,499,4.0,2015/09/14,2012/03/14,1,2011,yes,yes,fuzzy,1.12,"Thinking, Fast and Slow",eng,"Farrar, Straus and Giroux",2022-10-11,584,Tâm lý & hành vi,tác giả,đọc tuần tự,584,thật (Calibre),no
G211,The Reader,Bernhard Schlink,9780375408267,216,4.0,2015/09/02,2015/09/02,1,1995,yes,yes,fuzzy,1.12,The Reader,eng,Pantheon,2026-03-12,,Văn học đương đại,tác giả,đọc tuần tự,216,thật (Goodreads),no
G212,"Fool Moon (The Dresden Files, #2)",Jim  Butcher,9780451458124,432,3.0,2015/08/19,2015/08/18,1,2001,no,yes,,,,,Roc,,,Trinh thám & ly kỳ,tác giả,đọc tuần tự,432,thật (Goodreads),no
G213,Flipped,Wendelin Van Draanen,9780375825446,212,3.0,2015/03/28,2015/03/27,1,2001,no,yes,,,,,Knopf,,,Văn học đương đại,tác giả,đọc tuần tự,212,thật (Goodreads),no
G214,Go Set a Watchman,Harper Lee,9780062409850,278,3.0,2015/07/21,2015/07/21,1,2015,yes,yes,fuzzy,1.12,Go Set a Watchman,eng,HarperCollins,2026-03-12,,Văn học kinh điển,tác giả,đọc tuần tự,278,thật (Goodreads),no
G215,The Martian,Andy Weir,9780804139021,369,5.0,2015/06/11,2015/06/10,1,2011,yes,yes,isbn,1.0,The Martian,eng,Crown Publishers,2021-05-10,410,Khoa học viễn tưởng,tác giả,đọc tuần tự,410,thật (Calibre),no
G216,"Economix: How and Why Our Economy Works (and Doesn't Work), in Words and Pictures",Michael    Goodwin,9780810988392,304,4.0,2015/05/02,2015/05/31,1,2012,yes,yes,fuzzy,1.12,"Economix: How Our Economy Works (And Doesn't Work), in Words and Pictures",eng,Abrams ComicArts,2026-03-13,,Kinh tế & tài chính,từ khoá,đọc tuần tự,304,thật (Goodreads),no
G217,Tôi Thấy Hoa Vàng Trên Cỏ Xanh,Nguyễn Nhật Ánh,,380,4.0,2015/05/31,2015/05/30,1,2010,no,yes,,,,,Trẻ,,,Văn học & lịch sử Việt Nam,tác giả,đọc tuần tự,380,thật (Goodreads),no
G218,Cơ Bản Là Buồn,Nguyễn Ngọc Thuần,,128,4.0,2015/03/27,2015/03/27,1,2014,no,yes,,,,,NXB Trẻ,,,Văn học & lịch sử Việt Nam,tác giả,đọc tuần tự,128,thật (Goodreads),no
G219,All the Light We Cannot See,Anthony Doerr,9781476746586,531,5.0,2015/03/09,2015/03/08,1,2014,yes,yes,fuzzy,1.12,All the Light We Cannot See,eng,Scribner,2021-05-09,465,Tiểu thuyết lịch sử,tác giả,đọc tuần tự,465,thật (Calibre),no
G220,The World of Ice & Fire: The Untold History of Westeros and the Game of Thrones,George R.R. Martin,9780553805444,326,5.0,2014/11/24,2014/11/24,1,2014,yes,yes,isbn,1.0,The World of Ice & Fire,eng,Random House Worlds,2022-09-08,535,Fantasy,tác giả,đọc tuần tự,535,thật (Calibre),no
G221,I Am The Secret Footballer: Lifting the Lid on the Beautiful Game,The Secret Footballer,9780852653081,230,3.0,2014/11/19,2014/11/17,1,2012,yes,yes,manual,1.0,I Am the Secret Footballer: Lifting the Lid on the Beautiful Game,eng,Guardian Books,2026-03-12,,Thể thao & sở thích,tác giả,đọc tuần tự,230,thật (Goodreads),no
G222,East of Eden,John Steinbeck,9780142000656,601,5.0,2014/11/03,2014/11/03,1,1952,yes,yes,fuzzy,1.12,East of Eden,eng,Penguin Books,2025-08-26,832,Văn học kinh điển,tác giả,đọc tuần tự,832,thật (Calibre),no
G223,Economics: The User's Guide: A Pelican Introduction,Ha-Joon Chang,9780718197032,503,5.0,2014/10/30,2014/10/29,1,2014,yes,yes,fuzzy,1.12,Economics: The User's Guide,eng,Pelican,2021-05-08,359,Kinh tế & tài chính,tác giả,đọc tuần tự,359,thật (Calibre),no
G224,How to Read a Book: The Classic Guide to Intelligent Reading,Mortimer J. Adler,,442,3.0,2014/09/02,2014/06/27,1,1940,yes,yes,fuzzy,1.12,How to Read a Book,eng,"Simon & Schuster, Inc",2024-06-29,458,Phê bình văn học & nghệ thuật,tác giả,đọc tuần tự,458,thật (Calibre),no
G225,"A Time to Kill (Jake Brigance, #1)",John Grisham,,738,4.0,2014/07/17,2014/07/05,1,1989,yes,yes,fuzzy,1.12,A Time to Kill,eng,Dell,2026-03-11,,Trinh thám & ly kỳ,tác giả,đọc tuần tự,738,thật (Goodreads),no
G226,"Harry Potter and the Sorcerer's Stone (Harry Potter, #1)",J.K. Rowling,9780439554930,309,5.0,2002/03/02,2012/02/26,1,1997,yes,yes,omnibus,0.705,Harry Potter: The Complete Collection,eng,Scholastic Inc,2021-05-09,4134,Fantasy,tác giả,đọc tuần tự,309,thật (Goodreads),no
G227,The Ocean at the End of the Lane,Neil Gaiman,9780062255655,181,5.0,2014/07/03,2014/06/30,1,2013,yes,yes,fuzzy,1.12,The Ocean at the End of the Lane,eng,William Morrow Books,2021-05-08,189,Fantasy,tác giả,đọc tuần tự,189,thật (Calibre),no
G228,The Hobbit (Middle-Earth Universe),J.R.R. Tolkien,,300,5.0,2013/01/09,2014/05/19,1,1937,yes,yes,fuzzy,1.12,The Hobbit,eng,Houghton Mifflin Harcourt,2021-05-09,302,Fantasy,tác giả,đọc tuần tự,302,thật (Calibre),no
G229,"Harry Potter and the Goblet of Fire (Harry Potter, #4)",J.K. Rowling,9780439139595,734,4.0,2002/06/05,2012/02/26,1,2000,yes,yes,omnibus,0.787,Harry Potter: The Complete Collection,eng,Scholastic,2021-05-09,4134,Fantasy,tác giả,đọc tuần tự,734,thật (Goodreads),no
G230,Outliers: The Story of Success,Malcolm Gladwell,9780316017923,309,4.0,2011/07/03,2012/02/26,1,2008,yes,yes,fuzzy,1.12,Outliers: The Story of Success,eng,"Little, Brown and Company",2023-05-05,269,Tâm lý & hành vi,tác giả,đọc tuần tự,269,thật (Calibre),no
G231,"Harry Potter and the Chamber of Secrets (Harry Potter, #2)",J.K. Rowling,,341,4.0,2002/05/05,2012/02/26,1,1998,yes,yes,omnibus,0.72,Harry Potter: The Complete Collection,eng,Arthur A. Levine Books,2021-05-09,4134,Fantasy,tác giả,đọc tuần tự,341,thật (Goodreads),no
G232,"The Da Vinci Code (Robert Langdon, #2)",Dan    Brown,,489,4.0,2005/07/04,2012/02/26,1,2003,yes,yes,fuzzy,1.12,The Da Vinci Code,eng,Anchor,2021-05-09,542,Trinh thám & ly kỳ,tác giả,đọc tuần tự,542,thật (Calibre),no
G233,"Harry Potter and the Order of the Phoenix (Harry Potter, #5)",J.K. Rowling,,576,4.0,2003/09/05,2012/02/26,1,2003,yes,yes,omnibus,0.752,Harry Potter: The Complete Collection,eng,Scholastic Inc.,2021-05-09,4134,Fantasy,tác giả,đọc tuần tự,576,thật (Goodreads),no
G234,"Harry Potter and the Prisoner of Azkaban (Harry Potter, #3)",J.K. Rowling,9780439655484,547,4.0,2002/07/04,2012/02/26,1,1999,yes,yes,omnibus,0.705,Harry Potter: The Complete Collection,eng,Scholastic Inc.,2021-05-09,4134,Fantasy,tác giả,đọc tuần tự,547,thật (Goodreads),no
G235,The Little Prince,Antoine de Saint-Exupéry,9780152023980,96,4.0,2012/04/07,2012/02/26,1,1943,yes,yes,fuzzy,1.12,The Little Prince,eng,"Harcourt, Inc.",2026-03-11,,Văn học kinh điển,tác giả,đọc tuần tự,96,thật (Goodreads),no
G236,The Tipping Point: How Little Things Can Make a Big Difference,Malcolm Gladwell,,301,4.0,2011/10/06,2012/02/26,1,2000,yes,yes,fuzzy,1.12,The Tipping Point,eng,Time Warner Book Group,2021-05-11,247,Tâm lý & hành vi,tác giả,đọc tuần tự,247,thật (Calibre),no
G237,"If Tomorrow Comes (Tracy Whitney, #1)",Sidney Sheldon,9780006479673,501,3.0,2008/02/05,2012/02/26,1,1985,yes,yes,fuzzy,1.12,If Tomorrow Comes,eng,"William Morrow and Co., Inc.",2026-03-11,,Trinh thám & ly kỳ,tác giả,đọc tuần tự,501,thật (Goodreads),no
G238,Blink: The Power of Thinking Without Thinking,Malcolm Gladwell,9780316010665,296,4.0,2011/09/11,2012/02/26,1,2005,yes,yes,fuzzy,1.12,Blink: The Power of Thinking Without Thinking,eng,Back Bay Books,2023-05-05,241,Tâm lý & hành vi,tác giả,đọc tuần tự,241,thật (Calibre),no
G239,"Harry Potter and the Half-Blood Prince (Harry Potter, #6)",J.K. Rowling,,652,3.0,2005/08/11,2012/02/26,1,2005,yes,yes,omnibus-series,1.0,Harry Potter: The Complete Collection,eng,Scholastic Inc,2021-05-09,4134,Fantasy,tác giả,đọc tuần tự,652,thật (Goodreads),no
G240,Cho tôi xin một vé đi tuổi thơ,Nguyễn Nhật Ánh,9786041004757,207,4.0,2009/08/08,2012/02/26,1,2008,no,yes,,,,,NXB Trẻ,,,Văn học & lịch sử Việt Nam,tác giả,đọc tuần tự,207,thật (Goodreads),no
G241,"A Feast for Crows (A Song of Ice and Fire, #4)",George R.R. Martin,,1060,4.0,2011/09/09,2012/02/26,1,2005,yes,yes,fuzzy,1.12,A Feast for Crows,eng,Bantam Books,2021-05-09,1044,Fantasy,tác giả,đọc tuần tự,1044,thật (Calibre),no
G242,"A Storm of Swords (A Song of Ice and Fire, #3)",George R.R. Martin,,1177,5.0,2011/07/05,2012/02/26,1,2000,yes,yes,fuzzy,1.12,A Storm of Swords,eng,Bantam,2021-05-09,1393,Fantasy,tác giả,đọc tuần tự,1393,thật (Calibre),no
G243,"A Clash of Kings  (A Song of Ice and Fire, #2)",George R.R. Martin,,1009,5.0,2011/06/11,2012/02/26,1,1998,yes,yes,fuzzy,1.12,A Clash of Kings,eng,Random House Worlds,2021-05-09,1081,Fantasy,tác giả,đọc tuần tự,1081,thật (Calibre),no
G244,The Return of Depression Economics and the Crisis of 2008,Paul Krugman,9780393071016,224,4.0,2012/06/13,2012/04/04,1,2008,yes,yes,isbn,1.0,The Return of Depression Economics and the Crisis of 2008,eng,W. W. Norton,2025-09-06,179,Kinh tế & tài chính,tác giả,đọc tuần tự,179,thật (Calibre),no
G245,The Secret Garden,Frances Hodgson Burnett,9780517189603,331,4.0,2007/04/09,2012/02/26,1,1911,yes,yes,fuzzy,1.12,The Secret Garden,eng,Children's Classics,2025-08-25,287,Thể thao & sở thích,từ khoá,đọc tuần tự,287,thật (Calibre),no
G246,"The Lost Symbol (Robert Langdon, #3)",Dan    Brown,9780385504225,509,4.0,2009/04/12,2012/02/26,1,2009,yes,yes,fuzzy,1.12,The Lost Symbol,eng,Doubleday,2021-05-09,628,Trinh thám & ly kỳ,tác giả,đọc tuần tự,628,thật (Calibre),no
G247,Steve Jobs,Walter Isaacson,9781451648539,630,3.0,2012/03/08,2012/02/26,1,2011,yes,yes,isbn,1.0,Steve Jobs,eng,Simon & Schuster,2021-05-11,754,Tiểu sử & hồi ký,tác giả,đọc tuần tự,754,thật (Calibre),no
G248,Tuổi Thơ Dữ Dội,Phùng Quán,,723,5.0,2008/09/12,2012/02/27,1,1988,no,yes,,,,,Nxb. Văn Học,,,Văn học & lịch sử Việt Nam,tác giả,đọc tuần tự,723,thật (Goodreads),no
G249,The Picture of Dorian Gray,Oscar Wilde,,272,4.0,2010/09/12,2012/02/27,1,1890,yes,yes,fuzzy,1.12,The Picture of Dorian Gray,eng,Random House: Modern Library,2025-08-20,338,Văn học kinh điển,tác giả,đọc tuần tự,338,thật (Calibre),no
G250,"Mockingjay (The Hunger Games, #3)",Suzanne Collins,9780439023511,390,3.0,2012/05/10,2012/03/14,1,2010,yes,yes,fuzzy,1.12,Mockingjay,eng,Scholastic Press,2026-03-11,,Khoa học viễn tưởng,tác giả,đọc tuần tự,390,thật (Goodreads),no
G251,"Catching Fire (The Hunger Games, #2)",Suzanne Collins,9780439023498,391,3.0,2012/04/10,2012/03/14,1,2009,yes,yes,fuzzy,1.12,Catching Fire,eng,Scholastic Press,2026-03-11,,Khoa học viễn tưởng,tác giả,đọc tuần tự,391,thật (Goodreads),no
G252,Cloud Atlas,David  Mitchell,9780375507250,509,5.0,2012/11/11,2012/10/04,1,2004,yes,yes,fuzzy,1.12,Cloud Atlas,eng,Random House,2026-03-11,,Tra cứu & minh hoạ,loại,tra cứu,509,thật (Goodreads),no
G253,The Count of Monte Cristo,Alexandre Dumas,9780140449266,1276,5.0,2013/09/15,2013/10/28,1,1846,yes,yes,fuzzy,1.12,The Count of Monte Cristo,eng,Penguin Classics,2025-09-04,1791,Văn học kinh điển,tác giả,đọc tuần tự,1791,thật (Calibre),no
G254,A Farewell to Arms,Ernest Hemingway,,336,4.0,2014/05/24,2014/05/19,1,1929,yes,yes,fuzzy,1.12,A Farewell to Arms,eng,Scribner,2025-09-07,348,Văn học kinh điển,tác giả,đọc tuần tự,348,thật (Calibre),no
G255,To Kill a Mockingbird,Harper Lee,9780061743528,323,5.0,2014/06/27,2014/06/27,1,1960,yes,yes,fuzzy,1.12,To Kill a Mockingbird,eng,Harper,2025-09-07,359,Văn học kinh điển,tác giả,đọc tuần tự,359,thật (Calibre),no
G256,"The Name of the Wind (The Kingkiller Chronicle, #1)",Patrick Rothfuss,9780756404079,662,4.0,2014/01/15,2014/01/18,1,2007,yes,yes,fuzzy,1.12,The Name of the Wind,eng,Penguin Group DAW,2026-03-11,,Fantasy,tác giả,đọc tuần tự,662,thật (Goodreads),no
G257,This Is How You Lose Her,Junot Díaz,9781594487361,217,4.0,2013/01/03,2012/12/17,1,2010,yes,yes,fuzzy,1.12,This Is How You Lose Her,eng,Riverhead Books,2026-03-11,,Văn học đương đại,tác giả,đọc tuần tự,217,thật (Goodreads),no
G258,"1Q84 (1Q84, #1-3)",Haruki Murakami,9780307593313,944,3.0,2013/12/03,2012/02/27,1,2009,yes,yes,fuzzy,1.12,1Q84,eng,Knopf,2025-10-05,1381,Văn học Nhật Bản,tác giả,đọc tuần tự,1381,thật (Calibre),no
G259,"Inferno (Robert Langdon, #4)",Dan    Brown,9780385537858,461,3.0,2013/10/28,2013/06/11,1,2013,yes,yes,fuzzy,1.12,Inferno,eng,Doubleday,2021-05-09,586,Trinh thám & ly kỳ,tác giả,đọc tuần tự,586,thật (Calibre),no
G260,The Fault in Our Stars,John  Green,,313,5.0,2013/01/02,2012/12/25,1,2012,yes,yes,fuzzy,1.12,The Fault in Our Stars,eng,Dutton Books,2026-03-11,,Văn học đương đại,tác giả,đọc tuần tự,313,thật (Goodreads),no
G261,Ubik,Philip K. Dick,9788498000832,288,4.0,2012/11/11,2012/11/10,1,1969,yes,yes,fuzzy,1.12,Ubik,eng,La factoría de ideas,2026-03-11,,Khoa học viễn tưởng,tác giả,đọc tuần tự,288,thật (Goodreads),no
G262,"Neverwhere (London Below, #1)",Neil Gaiman,9780060557812,370,4.0,2012/05/26,2012/05/23,1,1996,yes,yes,fuzzy,1.12,Neverwhere,eng,William Morrow Paperbacks,2026-03-11,,Fantasy,tác giả,đọc tuần tự,370,thật (Goodreads),no
G263,"The Darwin Economy: Liberty, Competition, and the Common Good",Robert H. Frank,9780691153193,240,4.0,2012/03/20,2012/03/14,1,2011,yes,yes,fuzzy,1.12,"The Darwin Economy: Liberty, Competition, and the Common Good",eng,Princeton Univ Pr,2023-03-27,257,Kinh tế & tài chính,tác giả,đọc tuần tự,257,thật (Calibre),no
G264,Boomerang: Travels in the New Third World,Michael   Lewis,9780393081817,213,4.0,2012/02/09,2012/01/06,1,2011,yes,yes,isbn,1.0,Boomerang: Travels in the New Third World,eng,W. W. Norton & Company,2026-03-11,,Kinh tế & tài chính,tác giả,đọc tuần tự,213,thật (Goodreads),no
C0,"Shakespearean Tragedy: Lectures on Hamlet, Othello, King Lear, and Macbeth",A. C. Bradley,9781101491324,,,,,,1904,yes,no,,,"Shakespearean Tragedy: Lectures on Hamlet, Othello, King Lear, and Macbeth",eng,Penguin Books,2025-09-03,571,Phê bình văn học & nghệ thuật,tác giả,đọc tuần tự,571,thật (Calibre),no
C1,Khrushchev Remembers,Nikita Sergeevich Khrushchev & Edward Crankshaw,9780316831406,,,,,,1970,yes,no,,,Khrushchev Remembers,eng,"Little, Brown",2025-02-03,770,Tiểu sử & hồi ký,tác giả,đọc tuần tự,770,thật (Calibre),no
C3,Macroeconomics,Paul Krugman & Robin Wells,9781319320164,,,,,,2021,yes,no,,,Macroeconomics,eng,Macmillan Higher Education,2024-05-02,1035,Giáo trình,loại,giáo trình,1035,thật (Calibre),no
C4,"International Economics: Theory and Policy, Global Edition",Paul Krugman & Maurice Obstfeld & Marc Melitz,9780135766859,,,,,,2014,yes,no,,,"International Economics: Theory and Policy, Global Edition",eng,Pearson,2024-05-02,819,Giáo trình,loại,giáo trình,819,thật (Calibre),no
C5,Microeconomics,Paul Krugman & Robin Wells,,,,,,,2020,yes,no,,,Microeconomics,eng,Macmillan Higher Education,2025-09-06,1127,Giáo trình,loại,giáo trình,1127,thật (Calibre),no
C6,"Arguing With Zombies: Economics, Politics, and the Fight for a Better Future",Paul Krugman,9781324005025,,,,,,2020,yes,no,,,"Arguing With Zombies: Economics, Politics, and the Fight for a Better Future",eng,W.W. Norton,2021-05-08,447,Kinh tế & tài chính,tác giả,đọc tuần tự,447,thật (Calibre),no
C8,End This Depression Now!,Paul Krugman,9780393088779,,,,,,2012,yes,no,,,End This Depression Now!,eng,W.W. Norton,2021-05-08,267,Kinh tế & tài chính,tác giả,đọc tuần tự,267,thật (Calibre),no
C9,Rules of Civility,Amor Towles,9781101517062,,,,,,2011,yes,no,,,Rules of Civility,eng,Viking,2021-10-18,395,Tiểu thuyết lịch sử,tác giả,đọc tuần tự,395,thật (Calibre),no
C10,The Accidental Theorist: And Other Dispatches From the Dismal Science,Paul Krugman,9780393318876,,,,,,1998,yes,no,,,The Accidental Theorist: And Other Dispatches From the Dismal Science,eng,W.W. Norton,2023-03-25,162,Kinh tế & tài chính,tác giả,đọc tuần tự,162,thật (Calibre),no
C11,Readings in Applied Microeconomics: The Power of the Market,Craig Newmark,9780415777391,,,,,,2009,yes,no,,,Readings in Applied Microeconomics: The Power of the Market,eng,Routledge,2024-07-23,458,Kinh tế & tài chính,từ khoá,đọc tuần tự,458,thật (Calibre),no
C12,The Lincoln Highway,Amor Towles,9780735222359,,,,,,2021,yes,no,,,The Lincoln Highway,eng,Viking,2021-10-17,600,Tiểu thuyết lịch sử,tác giả,đọc tuần tự,600,thật (Calibre),no
C14,Think Again: The Power of Knowing What You Don't Know,Adam Grant,9781984878106,,,,,,2021,yes,no,,,Think Again: The Power of Knowing What You Don't Know,eng,Viking,2021-05-11,336,Tâm lý & hành vi,tác giả,đọc tuần tự,336,thật (Calibre),no
C15,Hidden Potential: The Science of Achieving Greater Things,Adam Grant,9780593653142,,,,,,2023,yes,no,,,Hidden Potential: The Science of Achieving Greater Things,eng,Viking,2023-12-02,345,Tâm lý & hành vi,tác giả,đọc tuần tự,345,thật (Calibre),no
C16,Originals: How Non-Conformists Move the World,Adam Grant,9780698405776,,,,,,2016,yes,no,,,Originals: How Non-Conformists Move the World,eng,Viking,2021-10-18,367,Tâm lý & hành vi,tác giả,đọc tuần tự,367,thật (Calibre),no
C18,A Gentle Introduction to Stata,Alan C. Acock,9781597183673,,,,,,2023,yes,no,,,A Gentle Introduction to Stata,eng,Stata Press,2024-06-29,614,Giáo trình,tác giả,giáo trình,614,thật (Calibre),no
C19,Give and Take,Adam Grant,9781101622841,,,,,,2013,yes,no,,,Give and Take,eng,Viking,2021-10-18,412,Tâm lý & hành vi,tác giả,đọc tuần tự,412,thật (Calibre),no
C20,Silence: A Social History of One of the Least Understood Elements of Our Lives,Jane Brox,9780544702516,,,,,,2019,yes,no,,,Silence: A Social History of One of the Least Understood Elements of Our Lives,eng,Houghton Mifflin Harcourt,2024-03-18,303,Lịch sử,từ khoá,đọc tuần tự,303,thật (Calibre),no
C21,"After the Music Stopped: The Financial Crisis, the Response, and the Work Ahead",Alan S. Blinder,9781101605875,,,,,,2013,yes,no,,,"After the Music Stopped: The Financial Crisis, the Response, and the Work Ahead",eng,Penguin Press,2023-03-25,575,Kinh tế & tài chính,từ khoá,đọc tuần tự,575,thật (Calibre),no
C22,A Little History of Poetry,John Carey,9780300232226,,,,,,2020,yes,no,,,A Little History of Poetry,eng,Yale University Press,2025-01-16,352,Lịch sử,từ khoá,đọc tuần tự,352,thật (Calibre),no
C23,The Good Research Guide: Research Methods for Small-Scale Social Research Projects,Martyn Denscombe,9780335264704,,,,,,2021,yes,no,,,The Good Research Guide: Research Methods for Small-Scale Social Research Projects,eng,Open University Press,2024-01-22,378,Giáo trình,tác giả,giáo trình,378,thật (Calibre),no
C24,Brilliant: The Evolution of Artificial Light,Jane Brox,9780547055275,,,,,,2010,yes,no,,,Brilliant: The Evolution of Artificial Light,eng,Houghton Mifflin Harcourt,2024-03-18,325,Khoa học & công nghệ,từ khoá,đọc tuần tự,325,thật (Calibre),no
C25,The Elephant in the Brain: Hidden Motives in Everyday Life,Kevin Simler & Robin Hanson,9780190495992,,,,,,2018,yes,no,,,The Elephant in the Brain: Hidden Motives in Everyday Life,eng,Open University Press,2022-05-18,482,Tâm lý & hành vi,từ khoá,đọc tuần tự,482,thật (Calibre),no
C26,The Adventures of Tom Sawyer,Mark Twain,9780141935041,,,,,,1876,yes,no,,,The Adventures of Tom Sawyer,eng,Penguin,2025-08-20,285,Văn học kinh điển,tác giả,đọc tuần tự,285,thật (Calibre),no
C27,Beowulf,Michael Alexander,9780141902937,,,,,,1000,yes,no,,,Beowulf,eng,Penguin Books,2025-08-20,169,Văn học kinh điển,tác giả,đọc tuần tự,169,thật (Calibre),no
C28,The Propagandists' Playbook: How Conservative Elites Manipulate Search and Threaten Democracy,Francesca Bolla Tripodi,9780300248944,,,,,,2022,yes,no,,,The Propagandists' Playbook: How Conservative Elites Manipulate Search and Threaten Democracy,eng,Yale University Press,2023-08-04,286,Chính trị & xã hội,từ khoá,đọc tuần tự,286,thật (Calibre),no
C30,Prisoners of Geography: Ten Maps That Explain Everything About the World,Tim Marshall,9781783961436,,,,,,2015,yes,no,,,Prisoners of Geography: Ten Maps That Explain Everything About the World,eng,Elliott and Thompson Limited,2021-10-18,262,Chính trị & xã hội,tác giả,đọc tuần tự,262,thật (Calibre),no
C31,A Whole New Mind: Why Right-Brainers Will Rule the Future,Daniel H. Pink,9781594481710,,,,,,2006,yes,no,,,A Whole New Mind: Why Right-Brainers Will Rule the Future,eng,Penguin Books,2023-03-24,238,Tâm lý & hành vi,tác giả,đọc tuần tự,238,thật (Calibre),no
C32,Drive: The Surprising Truth About What Motivates Us,Daniel H. Pink,9781101152140,,,,,,2009,yes,no,,,Drive: The Surprising Truth About What Motivates Us,eng,Riverhead Books,2023-03-24,219,Tâm lý & hành vi,tác giả,đọc tuần tự,219,thật (Calibre),no
C33,The Complete Novels,Jane Austen,,,,,,,1981,yes,no,,,The Complete Novels,eng,Penguin Books,2025-08-26,2269,Văn học kinh điển,tác giả,bộ trọn (đọc theo tập),2269,thật (Calibre),yes
C35,Sense and Sensibility,Jane Austen,9780141908229,,,,,,1811,yes,no,,,Sense and Sensibility,eng,Penguin Books,2025-08-25,427,Văn học kinh điển,tác giả,đọc tuần tự,427,thật (Calibre),no
C36,Persuasion,Jane Austen,9780141907819,,,,,,1998,yes,no,,,Persuasion,eng,Penguin Books,2025-08-25,300,Văn học kinh điển,tác giả,đọc tuần tự,300,thật (Calibre),no
C37,Mansfield Park,Jane Austen,9780141920177,,,,,,1814,yes,no,,,Mansfield Park,eng,Penguin Books,2025-08-25,572,Văn học kinh điển,tác giả,đọc tuần tự,572,thật (Calibre),no
C38,Emma,Jane Austen,9780141439587,,,,,,1815,yes,no,,,Emma,eng,Penguin Books,2025-08-25,567,Văn học kinh điển,tác giả,đọc tuần tự,567,thật (Calibre),no
C39,The Shortest History of Scandinavia,Mart Kuldkepp,9781743823989,,,,,,2025,yes,no,,,The Shortest History of Scandinavia,eng,Black Inc.,2025-07-19,186,Lịch sử,từ khoá,đọc tuần tự,186,thật (Calibre),no
C41,The Power of Regret: How Looking Backward Moves Us Forward,Daniel H. Pink,9780735210653,,,,,,2022,yes,no,,,The Power of Regret: How Looking Backward Moves Us Forward,eng,Riverhead Books,2023-03-24,237,Tâm lý & hành vi,tác giả,đọc tuần tự,237,thật (Calibre),no
C42,To Sell Is Human: The Surprising Truth About Moving Others,Daniel H. Pink,9781101597071,,,,,,2012,yes,no,,,To Sell Is Human: The Surprising Truth About Moving Others,eng,Riverhead Books,2023-03-24,231,Tâm lý & hành vi,tác giả,đọc tuần tự,231,thật (Calibre),no
C46,A Game of Thrones,George R. R. Martin,9780553897845,,,,,,1996,yes,no,,,A Game of Thrones,eng,Bantam Books,2021-05-09,954,Fantasy,tác giả,đọc tuần tự,954,thật (Calibre),no
C47,Fire & Blood: 300 Years Before a Game of Thrones,George R. R. Martin & Doug Wheatley,9781524796280,,,,,,2018,yes,no,,,Fire & Blood: 300 Years Before a Game of Thrones,eng,Bantam Books,2022-08-22,752,Fantasy,tác giả,đọc tuần tự,752,thật (Calibre),no
C48,A Storm of Swords: The Illustrated Edition,George R. R. Martin,9780593158968,,,,,,2020,yes,no,,,A Storm of Swords: The Illustrated Edition,eng,Random House,2025-08-25,1396,Fantasy,tác giả,đọc tuần tự,1396,thật (Calibre),no
C49,A Clash of Kings: The Illustrated Edition,George R. R. Martin,9781984821164,,,,,,2019,yes,no,,,A Clash of Kings: The Illustrated Edition,eng,Random House,2025-08-25,1082,Fantasy,tác giả,đọc tuần tự,1082,thật (Calibre),no
C50,The Penguin Classics Book,Henry Eliot,9781524705879,,,,,,2018,yes,no,,,The Penguin Classics Book,eng,Penguin Books,2025-08-25,531,Phê bình văn học & nghệ thuật,tác giả,đọc tuần tự,531,thật (Calibre),no
C51,Những năm tháng không thể nào quên,Võ Nguyên Giáp,,,,,,,2019,yes,no,,,Những năm tháng không thể nào quên,vie,Nhà xuất bản Trẻ,2025-01-23,289,Văn học & lịch sử Việt Nam,tác giả,đọc tuần tự,289,thật (Calibre),no
C52,World Order: Reflections on the Character of Nations and the Course of History,Henry Kissinger,9780241004272,,,,,,2014,yes,no,,,World Order: Reflections on the Character of Nations and the Course of History,eng,Penguin Books,2024-09-05,486,Chính trị & xã hội,tác giả,đọc tuần tự,486,thật (Calibre),no
C53,On China,Henry Kissinger,9780141972381,,,,,,2011,yes,no,,,On China,por,Penguin,2024-06-09,750,Chính trị & xã hội,tác giả,đọc tuần tự,750,thật (Calibre),no
C54,A Dance With Dragons,George R. R. Martin,9780553905656,,,,,,2011,yes,no,,,A Dance With Dragons,eng,Bantam Books,2021-05-09,1349,Fantasy,tác giả,đọc tuần tự,1349,thật (Calibre),no
C56,The Road to Little Dribbling,Bill Bryson,9780385539289,,,,,,2016,yes,no,,,The Road to Little Dribbling,eng,Doubleday,2022-09-08,375,Lịch sử,tác giả,đọc tuần tự,375,thật (Calibre),no
C57,"One Summer: America, 1927",Bill Bryson,9780857522146,,,,,,2013,yes,no,,,"One Summer: America, 1927",eng,Doubleday,2023-03-31,638,Lịch sử,tác giả,đọc tuần tự,638,thật (Calibre),no
C59,Notes From a Big Country: Journey Into the American Dream,Bill Bryson,9781409095729,,,,,,2010,yes,no,,,Notes From a Big Country: Journey Into the American Dream,eng,Doubleday,2022-09-08,317,Lịch sử,tác giả,đọc tuần tự,317,thật (Calibre),no
C60,Why History Matters,John Tosh,9781137604101,,,,,,2019,yes,no,,,Why History Matters,eng,Macmillan Education UK,2024-10-02,244,Lịch sử,từ khoá,đọc tuần tự,244,thật (Calibre),no
C61,What They Don't Teach You at Harvard Business School,Mark H. McCormack,9781847656773,,,,,,2016,yes,no,,,What They Don't Teach You at Harvard Business School,eng,Profile Books,2025-07-08,241,Kinh doanh & quản trị,tác giả,đọc tuần tự,241,thật (Calibre),no
C62,Odyssey,Stephen Fry,9781405948418,,,,,,2024,yes,no,,,Odyssey,eng,Penguin Books,2025-07-31,347,Phê bình văn học & nghệ thuật,tác giả,đọc tuần tự,347,thật (Calibre),no
C63,Troy,Stephen Fry,9781405944489,,,,,,2021,yes,no,,,Troy,eng,Penguin Books,2023-12-29,383,Phê bình văn học & nghệ thuật,tác giả,đọc tuần tự,383,thật (Calibre),no
C64,Heroes,Stephen Fry,9781405940382,,,,,,2020,yes,no,,,Heroes,eng,Penguin Books,2023-12-29,454,Phê bình văn học & nghệ thuật,tác giả,đọc tuần tự,454,thật (Calibre),no
C66,The Complete Fables,Aesop,9780141915784,,,,,,2003,yes,no,,,The Complete Fables,eng,Penguin Books,2025-09-04,189,Văn học kinh điển,tác giả,đọc tuần tự,189,thật (Calibre),no
C67,A Little History of Archaeology,Brian M. Fagan,9780300224641,,,,,,2018,yes,no,,,A Little History of Archaeology,eng,Yale University Press,2025-01-16,304,Lịch sử,từ khoá,đọc tuần tự,304,thật (Calibre),no
C69,Principles of Economics,N. Gregory Mankiw,9780357722718,,,,,,2023,yes,no,,,Principles of Economics,eng,Cengage Learning,2024-05-02,898,Giáo trình,loại,giáo trình,898,thật (Calibre),no
C70,Study Guide for Mankiw's Principles of Microeconomics,N. Gregory Mankiw,9780324591194,,,,,,2014,yes,no,,,Study Guide for Mankiw's Principles of Microeconomics,eng,Cengage Learning,2023-11-29,390,Giáo trình,loại,giáo trình,390,thật (Calibre),no
C71,The Complete Malazan Book of the Fallen,Steven Erikson,9780765310019,,,,,,2014,yes,no,,,The Complete Malazan Book of the Fallen,eng,Tor Books,2021-05-10,12723,Fantasy,tác giả,bộ trọn (đọc theo tập),12723,thật (Calibre),yes
C72,Essentials of Economics,N. Gregory Mankiw,9780357723166,,,,,,2023,yes,no,,,Essentials of Economics,eng,Cengage Learning,2024-03-06,581,Kinh tế & tài chính,từ khoá,đọc tuần tự,581,thật (Calibre),no
C73,A Celtic Miscellany: Selected and Translated by Kenneth Hurlstone Jackson,Kenneth Jackson,9780141935232,,,,,,2006,yes,no,,,A Celtic Miscellany: Selected and Translated by Kenneth Hurlstone Jackson,eng,Penguin Books,2025-08-29,330,Văn học kinh điển,tác giả,đọc tuần tự,330,thật (Calibre),no
C75,Coraline,Neil Gaiman & Dave McKean,9780060773656,,,,,,2002,yes,no,,,Coraline,eng,HarperCollins,2024-01-26,126,Fantasy,tác giả,đọc tuần tự,126,thật (Calibre),no
C76,Trekonomics: The Economics of Star Trek,Manu Saadia,9781941758755,,,,,,2016,yes,no,,,Trekonomics: The Economics of Star Trek,eng,pipertext,2021-10-16,251,Kinh tế & tài chính,từ khoá,đọc tuần tự,251,thật (Calibre),no
C79,Norse Mythology,Neil Gaiman,9780393609103,,,,,,2017,yes,no,,,Norse Mythology,eng,W.W. Norton,2021-05-08,203,Fantasy,tác giả,đọc tuần tự,203,thật (Calibre),no
C80,Bored and Brilliant,Manoush Zomorodi,9781509841189,,,,,,2017,yes,no,,,Bored and Brilliant,eng,St. Martin's Press,2023-09-27,234,Phát triển bản thân & năng suất,tác giả,đọc tuần tự,234,thật (Calibre),no
C83,Slow Productivity: The Lost Art of Accomplishment Without Burnout,Cal Newport,9780593544853,,,,,,2024,yes,no,,,Slow Productivity: The Lost Art of Accomplishment Without Burnout,eng,Portfolio/Penguin,2024-03-16,244,Phát triển bản thân & năng suất,tác giả,đọc tuần tự,244,thật (Calibre),no
C85,Applied Econometrics,Dimitrios Asteriou & Stephen G. Hall,9781352012026,,,,,,2021,yes,no,,,Applied Econometrics,eng,Macmillan Education,2023-06-06,555,Giáo trình,loại,giáo trình,555,thật (Calibre),no
C87,The English and Their History,Robert Tombs,9781101874769,,,,,,2014,yes,no,,,The English and Their History,eng,Alfred A. Knoff,2021-05-17,1492,Lịch sử,từ khoá,đọc tuần tự,1492,thật (Calibre),no
C88,The Shortest History of Greece,James Heneage,9781760643812,,,,,,2021,yes,no,,,The Shortest History of Greece,eng,Black Inc.,2024-02-12,204,Lịch sử,từ khoá,đọc tuần tự,204,thật (Calibre),no
C89,A World Without Email: Reimagining Work in an Age of Communication Overload,Cal Newport,9780525536550,,,,,,2021,yes,no,,,A World Without Email: Reimagining Work in an Age of Communication Overload,eng,Portfolio/Penguin,2021-05-10,320,Phát triển bản thân & năng suất,tác giả,đọc tuần tự,320,thật (Calibre),no
C90,Gulliver’s Travels,Jonathan Swift,9780141439495,,,,,,1726,yes,no,,,Gulliver’s Travels,eng,Penguin Books,2025-09-03,373,Văn học kinh điển,tác giả,đọc tuần tự,373,thật (Calibre),no
C92,"World History 101: From Ancient Mesopotamia and the Viking Conquests to NATO and WikiLeaks, an Essential Primer on World History",Tom Head,9781507204542,,,,,,2017,yes,no,,,"World History 101: From Ancient Mesopotamia and the Viking Conquests to NATO and WikiLeaks, an Essential Primer on World History",eng,Adams Media,2024-07-30,216,Sách nhập môn (101 / Dummies),tựa (ưu tiên),đọc tuần tự,216,thật (Calibre),no
C93,Riders of the Dead,Dan Abnett,9780857871336,,,,,,2003,yes,no,,,Riders of the Dead,eng,Black Library,2024-02-09,352,Warhammer 40K,tác giả,đọc tuần tự,352,thật (Calibre),no
C94,The Magos,Dan Abnett,9781785728679,,,,,,2018,yes,no,,,The Magos,eng,Black Library,2024-06-06,757,Warhammer 40K,tác giả,đọc tuần tự,757,thật (Calibre),no
C95,Doing Economics: A Guide to Understanding and Carrying Out Economic Research,Steven A. Greenlaw,9780618379835,,,,,,2005,yes,no,,,Doing Economics: A Guide to Understanding and Carrying Out Economic Research,eng,Cengage Learning,2025-02-18,152,Kinh tế & tài chính,từ khoá,đọc tuần tự,152,thật (Calibre),no
C96,Era of Ruin,Dan Abnett,9781800261808,,,,,,2025,yes,no,,,Era of Ruin,eng,Black Library,2025-07-31,265,Warhammer 40K,tác giả,đọc tuần tự,265,thật (Calibre),no
C97,Penitent,Dan Abnett,9781800265189,,,,,,2021,yes,no,,,Penitent,eng,Black Library,2024-02-03,426,Warhammer 40K,tác giả,đọc tuần tự,426,thật (Calibre),no
C98,First and Only,Dan Abnett,9780857870018,,,,,,1999,yes,no,,,First and Only,eng,Black Library,2024-02-26,364,Warhammer 40K,tác giả,đọc tuần tự,364,thật (Calibre),no
C99,Necropolis,Dan Abnett,9781844163045,,,,,,2000,yes,no,,,Necropolis,eng,Black Library,2024-02-26,378,Warhammer 40K,tác giả,đọc tuần tự,378,thật (Calibre),no
C100,Ghostmaker,Dan Abnett,9781844161652,,,,,,2000,yes,no,,,Ghostmaker,eng,Black Library,2024-02-26,403,Warhammer 40K,tác giả,đọc tuần tự,403,thật (Calibre),no
C102,Pariah,Dan Abnett,9780857879073,,,,,,2012,yes,no,,,Pariah,eng,Black Library,2024-02-03,345,Warhammer 40K,tác giả,đọc tuần tự,345,thật (Calibre),no
C103,Ravenor: The Omnibus,Dan Abnett,9781844167364,,,,,,2009,yes,no,,,Ravenor: The Omnibus,eng,Black Library,2024-02-03,1403,Warhammer 40K,tác giả,đọc tuần tự,1403,thật (Calibre),no
C104,Nexus & Other Stories,Dan Abnett,9781800260337,,,,,,2020,yes,no,,,Nexus & Other Stories,eng,Black Library,2025-08-25,575,Warhammer 40K,tác giả,đọc tuần tự,575,thật (Calibre),no
C105,All the Birds in the Sky,Charlie Jane Anders,9781466871120,,,,,,2016,yes,no,,,All the Birds in the Sky,eng,Tor Books,2025-02-03,357,Khoa học viễn tưởng,tác giả,đọc tuần tự,357,thật (Calibre),no
C106,New Ideas From Dead Economists: An Introduction to Modern Economic Thought,Todd G. Buchholz,9780452288447,,,,,,2007,yes,no,,,New Ideas From Dead Economists: An Introduction to Modern Economic Thought,eng,Plume,2024-08-20,420,Kinh tế & tài chính,tác giả,đọc tuần tự,420,thật (Calibre),no
C107,Discover Your Inner Economist,Tyler Cowen,9780452289635,,,,,,2010,yes,no,,,Discover Your Inner Economist,eng,Plume,2025-01-16,264,Kinh tế & tài chính,từ khoá,đọc tuần tự,264,thật (Calibre),no
C108,Dumb Luck: A Novel,Trọng Phụng Vũ & Peter Zinoman,9780472068043,,,,,,2002,yes,no,,,Dumb Luck: A Novel,eng,University of Michigan Press,2024-12-27,193,Văn học & lịch sử Việt Nam,tác giả,đọc tuần tự,193,thật (Calibre),no
C109,Số đỏ,Trọng Phụng Vũ,9786049768767,,,,,,2024,yes,no,,,Số đỏ,vie,Nhà xuất bản Văn học,2024-12-16,210,Văn học & lịch sử Việt Nam,tác giả,đọc tuần tự,210,thật (Calibre),no
C111,A Drop of Corruption,Robert Jackson Bennett,9780593723821,,,,,,2025,yes,no,,,A Drop of Corruption,eng,Del Rey,2025-08-10,507,Fantasy,tác giả,đọc tuần tự,507,thật (Calibre),no
C114,The Tainted Cup,Robert Jackson Bennett,9781399725361,,,,,,2024,yes,no,,,The Tainted Cup,eng,Del Rey,2025-08-10,450,Fantasy,tác giả,đọc tuần tự,450,thật (Calibre),no
C115,Ready for Anything: 52 Productivity Principles for Getting Things Done,David Allen,9780143034544,,,,,,2004,yes,no,,,Ready for Anything: 52 Productivity Principles for Getting Things Done,eng,Penguin Books,2024-08-04,134,Phát triển bản thân & năng suất,tác giả,đọc tuần tự,134,thật (Calibre),no
C116,The Getting Things Done Workbook: 10 Moves to Stress-Free Productivity,David Allen & Brandon Hall,9780525505228,,,,,,2019,yes,no,,,The Getting Things Done Workbook: 10 Moves to Stress-Free Productivity,eng,Penguin Books,2022-06-17,111,Giáo trình,loại,giáo trình,111,thật (Calibre),no
C117,Team: Getting Things Done With Others,David Allen & Edward Lamont,9780593652909,,,,,,2024,yes,no,,,Team: Getting Things Done With Others,eng,Viking,2024-08-04,314,Phát triển bản thân & năng suất,tác giả,đọc tuần tự,314,thật (Calibre),no
C118,Making It All Work: Winning at the Game of Work and the Business of Life,David Allen,9781440655395,,,,,,2008,yes,no,,,Making It All Work: Winning at the Game of Work and the Business of Life,eng,Viking,2022-06-17,358,Phát triển bản thân & năng suất,tác giả,đọc tuần tự,358,thật (Calibre),no
C120,Getting Things Done,David Allen,9780698161863,,,,,,2017,yes,no,,,Getting Things Done,eng,Penguin Books,2022-09-03,391,Phát triển bản thân & năng suất,tác giả,đọc tuần tự,391,thật (Calibre),no
C121,Tôi Tự Học,Thu Giang Nguyễn Duy Cần,9786041003576,,,,,,1959,yes,no,,,Tôi Tự Học,vie,Nhà xuất bản Trẻ,2022-10-02,153,Văn học & lịch sử Việt Nam,tác giả,đọc tuần tự,153,thật (Calibre),no
C122,The Wages of Destruction: The Making and Breaking of the Nazi Economy,Adam Tooze,9780143113201,,,,,,2008,yes,no,,,The Wages of Destruction: The Making and Breaking of the Nazi Economy,eng,Penguin,2024-08-27,1086,Kinh tế & tài chính,tác giả,đọc tuần tự,1086,thật (Calibre),no
C123,Artificial Intelligence for Dummies,John Paul Mueller & Luca Massaron,9781119467625,,,,,,2018,yes,no,,,Artificial Intelligence for Dummies,eng,For Dummies,2025-07-09,462,Sách nhập môn (101 / Dummies),tựa (ưu tiên),đọc tuần tự,462,thật (Calibre),no
C126,"The Map and the Territory: Risk, Human Nature, and the Future of Forecasting",Alan Greenspan,9781101638743,,,,,,2013,yes,no,,,"The Map and the Territory: Risk, Human Nature, and the Future of Forecasting",eng,Penguin,2024-09-04,337,Kinh tế & tài chính,tác giả,đọc tuần tự,337,thật (Calibre),no
C127,Fire Caste,Peter Fehervari,9781849703093,,,,,,2013,yes,no,,,Fire Caste,eng,Black Library,2025-07-27,392,Warhammer 40K,tác giả,đọc tuần tự,392,thật (Calibre),no
C128,"Introduction to Digital Economics: Foundations, Business Models and Case Studies",Harald Øverby & Jan Arild Audestad,9783030782368,,,,,,2021,yes,no,,,"Introduction to Digital Economics: Foundations, Business Models and Case Studies",eng,Springer,2023-03-27,311,Kinh tế & tài chính,từ khoá,đọc tuần tự,311,thật (Calibre),no
C129,The Age of Turbulence: Adventures in a New World,Alan Greenspan,9781429546522,,,,,,2007,yes,no,,,The Age of Turbulence: Adventures in a New World,eng,Penguin Press,2023-03-25,571,Kinh tế & tài chính,tác giả,đọc tuần tự,571,thật (Calibre),no
C130,That Used to Be Us: How America Fell Behind in the World It Invented and How We Can Come Back,Thomas L. Friedman,9781429995115,,,,,,2012,yes,no,,,That Used to Be Us: How America Fell Behind in the World It Invented and How We Can Come Back,eng,Picador,2024-02-11,409,Chính trị & xã hội,tác giả,đọc tuần tự,409,thật (Calibre),no
C131,Pink Floyd All the Songs,Jean-Michel Guesdon & Philippe Margotin,,,,,,,2017,yes,no,,,Pink Floyd All the Songs,eng,Hachette Books,2024-12-26,807,Phê bình văn học & nghệ thuật,tác giả,đọc tuần tự,807,thật (Calibre),no
C132,The Splendid and the Vile,Erik Larson,9780385348713,,,,,,2020,yes,no,,,The Splendid and the Vile,eng,Crown,2021-05-09,644,Lịch sử,tác giả,đọc tuần tự,644,thật (Calibre),no
C133,"Isaac's Storm: A Man, a Time, and the Deadliest Hurricane in History",Erik Larson,9780375708275,,,,,,1999,yes,no,,,"Isaac's Storm: A Man, a Time, and the Deadliest Hurricane in History",eng,Vintage,2024-07-08,288,Lịch sử,tác giả,đọc tuần tự,288,thật (Calibre),no
C134,Mythology,Edith Hamilton,9780316032162,,,,,,1942,yes,no,,,Mythology,eng,"Little, Brown",2021-05-08,371,Văn học kinh điển,tác giả,đọc tuần tự,371,thật (Calibre),no
C135,The Demon of Unrest : Abraham Lincoln & America’s Road to Civil War,Erik Larson,9780008681753,,,,,,2024,yes,no,,,The Demon of Unrest : Abraham Lincoln & America’s Road to Civil War,eng,William Collins,2024-07-08,639,Lịch sử,tác giả,đọc tuần tự,639,thật (Calibre),no
C136,Dead Wake: The Last Crossing of the Lusitania,Erik Larson,9780307408860,,,,,,2015,yes,no,,,Dead Wake: The Last Crossing of the Lusitania,eng,Crown,2024-07-08,410,Lịch sử,tác giả,đọc tuần tự,410,thật (Calibre),no
C137,The Shortest History of Austria,Nicholas T. Parsons,9781913083533,,,,,,2025,yes,no,,,The Shortest History of Austria,eng,Old Street Publishing,2025-07-19,204,Lịch sử,từ khoá,đọc tuần tự,204,thật (Calibre),no
C138,Klara and the Sun,Kazuo Ishiguro,9780593318171,,,,,,2021,yes,no,,,Klara and the Sun,eng,Alfred A. Knoff,2022-09-03,303,Văn học đương đại,tác giả,đọc tuần tự,303,thật (Calibre),no
C139,The Black Swan: The Impact of the Highly Improbable,Nassim Nicholas Taleb,9780679604181,,,,,,2010,yes,no,,,The Black Swan: The Impact of the Highly Improbable,eng,Random House,2022-09-22,589,Kinh tế & tài chính,tác giả,đọc tuần tự,589,thật (Calibre),no
C140,Demon in White,Christopher Ruocchio,9780756413088,,,,,,2020,yes,no,,,Demon in White,eng,Daw Books,2023-09-08,1050,Khoa học viễn tưởng,tác giả,đọc tuần tự,1050,thật (Calibre),no
C141,The Remains of the Day,Kazuo Ishiguro,9780307576187,,,,,,2010,yes,no,,,The Remains of the Day,eng,Vintage,2021-10-17,237,Văn học đương đại,tác giả,đọc tuần tự,237,thật (Calibre),no
C142,"Tales of the Sun Eater, Vol. 1",Christopher Ruocchio,,,,,,,2021,yes,no,,,"Tales of the Sun Eater, Vol. 1",eng,Daw Books,2023-09-08,219,Khoa học viễn tưởng,tác giả,đọc tuần tự,219,thật (Calibre),no
C145,The Dregs of Empire: A Tale of the Sun Eater,Christopher Ruocchio,,,,,,,2023,yes,no,,,The Dregs of Empire: A Tale of the Sun Eater,eng,Daw Books,2024-03-23,299,Khoa học viễn tưởng,tác giả,đọc tuần tự,299,thật (Calibre),no
C147,Ashes of Man,Christopher Ruocchio,9780756416607,,,,,,2022,yes,no,,,Ashes of Man,eng,Daw Books,2023-09-08,751,Khoa học viễn tưởng,tác giả,đọc tuần tự,751,thật (Calibre),no
C148,"Tales of the Sun Eater, Vol. 3",Christopher Ruocchio,,,,,,,2023,yes,no,,,"Tales of the Sun Eater, Vol. 3",eng,Daw Books,2024-03-23,218,Khoa học viễn tưởng,tác giả,đọc tuần tự,218,thật (Calibre),no
C149,Disquiet Gods,Christopher Ruocchio,9781982193324,,,,,,2024,yes,no,,,Disquiet Gods,eng,Daw Books,2024-03-23,1074,Khoa học viễn tưởng,tác giả,đọc tuần tự,1074,thật (Calibre),no
C151,"Tales of the Sun Eater, Vol. 2",Christopher Ruocchio,,,,,,,2022,yes,no,,,"Tales of the Sun Eater, Vol. 2",eng,Daw Books,2023-09-08,157,Khoa học viễn tưởng,tác giả,đọc tuần tự,157,thật (Calibre),no
C152,Kingdoms of Death,Christopher Ruocchio,9780756413118,,,,,,2022,yes,no,,,Kingdoms of Death,eng,Daw Books,2023-09-08,724,Khoa học viễn tưởng,tác giả,đọc tuần tự,724,thật (Calibre),no
C153,The Complete Witcher,Andrzej Sapkowski,9781473232488,,,,,,2020,yes,no,,,The Complete Witcher,eng,Gollancz,2025-09-06,2894,Fantasy,tác giả,bộ trọn (đọc theo tập),2894,thật (Calibre),yes
C154,The Shortest History of Turkey,Benjamin C. Fortna,9781743824139,,,,,,2025,yes,no,,,The Shortest History of Turkey,eng,Black Inc.,2025-07-19,218,Lịch sử,từ khoá,đọc tuần tự,218,thật (Calibre),no
C155,Elder Epoch,Zamil Akhtar,,,,,,,2023,yes,no,,,Elder Epoch,eng,Eight Point Press,2023-09-13,668,Fantasy,tác giả,đọc tuần tự,668,thật (Calibre),no
C156,Dark Drinker: A Dark Fantasy Epic,Zamil Akhtar,,,,,,,2024,yes,no,,,Dark Drinker: A Dark Fantasy Epic,eng,Eight Point Press,2024-09-22,549,Fantasy,tác giả,đọc tuần tự,549,thật (Calibre),no
C157,Les Misérables,Victor Hugo,9780143107569,,,,,,1862,yes,no,,,Les Misérables,eng,Penguin Books,2025-09-04,2064,Văn học kinh điển,tác giả,đọc tuần tự,2064,thật (Calibre),no
C158,Gunmetal Gods,Zamil Akhtar,9798667819530,,,,,,2020,yes,no,,,Gunmetal Gods,eng,Eight Point Press,2022-09-03,526,Fantasy,tác giả,đọc tuần tự,526,thật (Calibre),no
C159,Conqueror's Blood,Zamil Akhtar,9798512295809,,,,,,2021,yes,no,,,Conqueror's Blood,eng,Eight Point Press,2022-09-03,585,Fantasy,tác giả,đọc tuần tự,585,thật (Calibre),no
C160,"Student Solutions Manual for Mathematics for Economics, Fourth Edition",Michael Hoy & John Livernois & Chris McKenna & Ray Rees & Thanasis Stengos,9780262543729,,,,,,2022,yes,no,,,"Student Solutions Manual for Mathematics for Economics, Fourth Edition",eng,MIT Press,2023-07-10,153,Giáo trình,loại,giáo trình,153,thật (Calibre),no
C161,The Message//Remix: The Bible in Contemporary Language,Eugene H. Peterson,9781617479496,,,,,,2012,yes,no,,,The Message//Remix: The Bible in Contemporary Language,eng,NavPress Publishing Group,2025-09-03,2811,Triết học & tôn giáo,tác giả,đọc tuần tự,2811,thật (Calibre),no
C162,"Mathematics for Economics, Fourth Edition",Michael Hoy & John Livernois & Chris McKenna & Ray Rees & Thanasis Stengos,9780262046626,,,,,,2022,yes,no,,,"Mathematics for Economics, Fourth Edition",eng,MIT Press,2023-07-10,1112,Giáo trình,loại,giáo trình,1112,thật (Calibre),no
C166,How to Know a Person: The Art of Seeing Others Deeply and Being Deeply Seen,David Brooks,9780593230060,,,,,,2023,yes,no,,,How to Know a Person: The Art of Seeing Others Deeply and Being Deeply Seen,eng,Random House,2024-08-04,300,Chính trị & xã hội,tác giả,đọc tuần tự,300,thật (Calibre),no
C167,Deng Xiaoping and the Transformation of China,Ezra F. Vogel,9780674055445,,,,,,2011,yes,no,,,Deng Xiaoping and the Transformation of China,eng,Harvard University Press,2021-05-08,965,Lịch sử,tác giả,đọc tuần tự,965,thật (Calibre),no
C168,The Nine: Inside the Secret World of the Supreme Court,Jeffrey Toobin,9780307472892,,,,,,2008,yes,no,,,The Nine: Inside the Secret World of the Supreme Court,eng,Anchor Books,2023-03-12,441,Chính trị & xã hội,tác giả,đọc tuần tự,441,thật (Calibre),no
C169,Deception Point,Dan Brown,9780743490306,,,,,,2003,yes,no,,,Deception Point,eng,Pocket Books,2025-07-31,563,Trinh thám & ly kỳ,tác giả,đọc tuần tự,563,thật (Calibre),no
C170,Economics,Michael Parkin,9781292434599,,,,,,2022,yes,no,,,Economics,eng,Pearson,2023-01-24,865,Giáo trình,loại,giáo trình,865,thật (Calibre),no
C171,Being Logical: A Guide to Good Thinking,Dennis Q. McInerny,9781588363770,,,,,,2004,yes,no,,,Being Logical: A Guide to Good Thinking,eng,Random House,2021-05-08,109,Tâm lý & hành vi,từ khoá,đọc tuần tự,109,thật (Calibre),no
C172,Origin,Dan Brown,9780593078754,,,,,,2017,yes,no,,,Origin,eng,Bantam Press,2021-05-09,566,Trinh thám & ly kỳ,tác giả,đọc tuần tự,566,thật (Calibre),no
C175,Digital Fortress,Dan Brown,9780552151696,,,,,,1998,yes,no,,,Digital Fortress,eng,Thomas Dunne Books,2025-07-31,266,Trinh thám & ly kỳ,tác giả,đọc tuần tự,266,thật (Calibre),no
C176,Mistborn: Secret History,Brandon Sanderson,9781938570124,,,,,,2016,yes,no,,,Mistborn: Secret History,eng,Tor Books,2023-03-25,176,Fantasy,tác giả,đọc tuần tự,176,thật (Calibre),no
C178,The Well of Ascension,Brandon Sanderson,9780765356130,,,,,,2008,yes,no,,,The Well of Ascension,eng,Tor Books,2023-03-25,973,Fantasy,tác giả,đọc tuần tự,973,thật (Calibre),no
C180,The Hero of Ages,Brandon Sanderson,9781429960342,,,,,,2008,yes,no,,,The Hero of Ages,eng,Tor Books,2023-03-25,872,Fantasy,tác giả,đọc tuần tự,872,thật (Calibre),no
C182,The Alloy of Law,Brandon Sanderson,9781429994897,,,,,,2011,yes,no,,,The Alloy of Law,eng,Tor Books,2022-11-17,371,Fantasy,tác giả,đọc tuần tự,371,thật (Calibre),no
C184,Arcanum Unbounded: The Cosmere Collection,Brandon Sanderson,9780765391162,,,,,,2016,yes,no,,,Arcanum Unbounded: The Cosmere Collection,eng,Tor Books,2023-03-25,711,Fantasy,tác giả,đọc tuần tự,711,thật (Calibre),no
C185,Shadows of Self,Brandon Sanderson,9781466862661,,,,,,2015,yes,no,,,Shadows of Self,eng,Tor Books,2022-11-17,438,Fantasy,tác giả,đọc tuần tự,438,thật (Calibre),no
C187,The Bands of Mourning,Brandon Sanderson,9781466862678,,,,,,2016,yes,no,,,The Bands of Mourning,eng,Tor Books,2022-11-17,510,Fantasy,tác giả,đọc tuần tự,510,thật (Calibre),no
C188,Defending Elysium: A Cytoverse Novella,Brandon Sanderson,9781938570278,,,,,,2021,yes,no,,,Defending Elysium: A Cytoverse Novella,eng,Tor Books,2023-03-25,65,Fantasy,tác giả,đọc tuần tự,65,thật (Calibre),no
C189,Yumi and the Nightmare Painter,Brandon Sanderson,9781938570407,,,,,,2023,yes,no,,,Yumi and the Nightmare Painter,eng,Dragonsteel,2023-07-10,439,Fantasy,tác giả,đọc tuần tự,439,thật (Calibre),no
C190,The Frugal Wizard’s Handbook for Surviving Medieval England,Brandon Sanderson,9781938570384,,,,,,2023,yes,no,,,The Frugal Wizard’s Handbook for Surviving Medieval England,eng,Dragonsteel,2023-04-20,302,Fantasy,tác giả,đọc tuần tự,302,thật (Calibre),no
C192,Warbreaker,Brandon Sanderson,9780765320308,,,,,,2009,yes,no,,,Warbreaker,eng,Tor Books,2023-03-25,941,Fantasy,tác giả,đọc tuần tự,941,thật (Calibre),no
C193,The Final Empire,Brandon Sanderson,9780765311788,,,,,,2009,yes,no,,,The Final Empire,eng,Tor Books,2023-03-25,813,Fantasy,tác giả,đọc tuần tự,813,thật (Calibre),no
C194,The Sunlit Man,Brandon Sanderson,9781938570414,,,,,,2023,yes,no,,,The Sunlit Man,eng,Dragonsteel,2023-10-04,387,Fantasy,tác giả,đọc tuần tự,387,thật (Calibre),no
C196,Tress of the Emerald Sea (a Cosmere Novel),Brandon Sanderson,9781938570346,,,,,,2023,yes,no,,,Tress of the Emerald Sea (a Cosmere Novel),eng,Dragonsteel,2023-01-02,402,Fantasy,tác giả,đọc tuần tự,402,thật (Calibre),no
C197,"The Big Three in Economics: Adam Smith, Karl Marx, and John Maynard Keynes",Mark Skousen,9780765616944,,,,,,2007,yes,no,,,"The Big Three in Economics: Adam Smith, Karl Marx, and John Maynard Keynes",eng,M.E. Sharpe,2024-08-05,257,Kinh tế & tài chính,từ khoá,đọc tuần tự,257,thật (Calibre),no
C198,Ho Chi Minh,Peter Neville,9781138694118,,,,,,2018,yes,no,,,Ho Chi Minh,eng,Routledge,2024-09-04,263,Tiểu sử & hồi ký,tác giả,đọc tuần tự,263,thật (Calibre),no
C199,The Great Gatsby,F. Scott Fitzgerald,9780141182636,,,,,,2000,yes,no,,,The Great Gatsby,eng,Penguin Books,2025-08-21,231,Văn học kinh điển,tác giả,đọc tuần tự,231,thật (Calibre),no
C200,Lost Horizon,James Hilton,9781473520301,,,,,,1933,yes,no,,,Lost Horizon,eng,Random House,2025-07-06,197,Văn học kinh điển,tác giả,đọc tuần tự,197,thật (Calibre),no
C201,The Extended Mind,Annie Murphy Paul,9780544947665,,,,,,2021,yes,no,,,The Extended Mind,eng,Houghton Mifflin Harcourt,2022-04-13,489,Tâm lý & hành vi,từ khoá,đọc tuần tự,489,thật (Calibre),no
C202,Angels & Demons,Dan Brown,9781409083948,,,,,,2000,yes,no,,,Angels & Demons,eng,Corgi Books,2021-05-09,602,Trinh thám & ly kỳ,tác giả,đọc tuần tự,602,thật (Calibre),no
C203,Starship Troopers,Robert A. Heinlein,9781101500422,,,,,,1959,yes,no,,,Starship Troopers,eng,Ace Books,2025-08-27,293,Khoa học viễn tưởng,tác giả,đọc tuần tự,293,thật (Calibre),no
C204,Ball Lightning,Cixin Liu,9781786694690,,,,,,2018,yes,no,,,Ball Lightning,eng,Head of Zeus,2022-10-09,375,Khoa học viễn tưởng,tác giả,đọc tuần tự,375,thật (Calibre),no
C205,Three Men in a Boat,Jerome K. Jerome,9780141441214,,,,,,1889,yes,no,,,Three Men in a Boat,eng,Penguin Books,2025-08-31,244,Văn học kinh điển,tác giả,đọc tuần tự,244,thật (Calibre),no
C206,Classical Comedy,Aristophanes & Menander & Plautus & Terence,9780141959481,,,,,,1985,yes,no,,,Classical Comedy,eng,Penguin Books,2025-08-28,442,Văn học kinh điển,tác giả,đọc tuần tự,442,thật (Calibre),no
C207,Microeconomic Theory,Andreu Mas-Colell & Michael D. Whinston & Jerry R. Green,9780195685718,,,,,,2012,yes,no,,,Microeconomic Theory,eng,Oxford University Press,2023-03-23,501,Giáo trình,tác giả,giáo trình,501,thật (Calibre),no
C208,A Thousand Brains: A New Theory of Intelligence,Jeff Hawkins,9781541675810,,,,,,2021,yes,no,,,A Thousand Brains: A New Theory of Intelligence,eng,Basic Books,2022-09-03,253,Khoa học & công nghệ,tác giả,đọc tuần tự,253,thật (Calibre),no
C210,The Uriel Ventris Chronicles: Volume One,Graham McNeill,9781780308784,,,,,,2019,yes,no,,,The Uriel Ventris Chronicles: Volume One,eng,Black Library,2024-02-21,1278,Warhammer 40K,tác giả,đọc tuần tự,1278,thật (Calibre),no
C212,Lords of the Lance,Graham McNeill,9781804075036,,,,,,2024,yes,no,,,Lords of the Lance,eng,Black Library,2024-02-26,454,Warhammer 40K,tác giả,đọc tuần tự,454,thật (Calibre),no
C213,Meditations,Marcus Aurelius,9781101487518,,,,,,0180,yes,no,,,Meditations,eng,Penguin Books,2025-08-27,368,Triết học & tôn giáo,tác giả,đọc tuần tự,368,thật (Calibre),no
C214,War Without End,Graham McNeill,9781785723414,,,,,,2017,yes,no,,,War Without End,eng,Black Library,2024-02-27,556,Warhammer 40K,tác giả,đọc tuần tự,556,thật (Calibre),no
C215,Eye of Terra,Graham McNeill,9781785721953,,,,,,2016,yes,no,,,Eye of Terra,eng,Black Library,2024-02-27,407,Warhammer 40K,tác giả,đọc tuần tự,407,thật (Calibre),no
C216,The Uriel Ventris Chronicles: Volume Two,Graham McNeill,9781789994438,,,,,,2019,yes,no,,,The Uriel Ventris Chronicles: Volume Two,eng,Black Library,2024-02-21,1282,Warhammer 40K,tác giả,đọc tuần tự,1282,thật (Calibre),no
C217,Hollywood: the Oral History,Jeanine Basinger,9780063056947,,,,,,2022,yes,no,,,Hollywood: the Oral History,eng,HarperCollins,2023-03-12,846,Lịch sử,từ khoá,đọc tuần tự,846,thật (Calibre),no
C218,The Beatles,Bob Spitz,9780316031677,,,,,,2007,yes,no,,,The Beatles,eng,"Little, Brown",2021-12-07,1390,Tiểu sử & hồi ký,tác giả,đọc tuần tự,1390,thật (Calibre),no
C219,Led Zeppelin: The Biography,Bob Spitz,9780399562426,,,,,,2021,yes,no,,,Led Zeppelin: The Biography,eng,"Little, Brown",2021-12-07,849,Tiểu sử & hồi ký,tác giả,đọc tuần tự,849,thật (Calibre),no
C220,Devolution: A Firsthand Account of the Rainier Sasquatch Massacre,Max Brooks,9781984826787,,,,,,2020,yes,no,,,Devolution: A Firsthand Account of the Rainier Sasquatch Massacre,eng,Del Rey,2024-08-04,309,Khoa học viễn tưởng,tác giả,đọc tuần tự,309,thật (Calibre),no
C221,Till Time's Last Sand: A History of the Bank of England 1694-2013,David Kynaston,9781408868584,,,,,,2017,yes,no,,,Till Time's Last Sand: A History of the Bank of England 1694-2013,eng,Bloomsbury Publishing,2024-03-18,1169,Lịch sử,từ khoá,đọc tuần tự,1169,thật (Calibre),no
C222,Cloud Cuckoo Land: A Novel,Anthony Doerr,9781982168438,,,,,,2021,yes,no,,,Cloud Cuckoo Land: A Novel,eng,Scribner,2021-10-03,427,Tiểu thuyết lịch sử,tác giả,đọc tuần tự,427,thật (Calibre),no
C223,The Zombie Survival Guide: Complete Protection From the Living Dead,Max Brooks,9781400049622,,,,,,2003,yes,no,,,The Zombie Survival Guide: Complete Protection From the Living Dead,eng,Three Rivers Press,2023-01-24,269,Khoa học viễn tưởng,tác giả,đọc tuần tự,269,thật (Calibre),no
C225,The Shortest History of Music,Andrew Ford,9781743823637,,,,,,2024,yes,no,,,The Shortest History of Music,eng,Black Inc.,2024-10-04,206,Lịch sử,từ khoá,đọc tuần tự,206,thật (Calibre),no
C227,Life of Pi,Yann Martel,9781350295698,,,,,,2001,yes,no,,,Life of Pi,eng,The Canon,2024-01-26,333,Văn học đương đại,tác giả,đọc tuần tự,333,thật (Calibre),no
C228,The Shortest History of France,Colin Jones,9798893030129,,,,,,2025,yes,no,,,The Shortest History of France,eng,The Experiment,2025-04-29,218,Lịch sử,từ khoá,đọc tuần tự,218,thật (Calibre),no
C229,The Shortest History of War,Gwynne Dyer,9781760641696,,,,,,2021,yes,no,,,The Shortest History of War,eng,Black Inc.,2024-02-12,230,Lịch sử,từ khoá,đọc tuần tự,230,thật (Calibre),no
C231,The Storyteller: Tales of Life and Music,Dave Grohl,9780063076099,,,,,,2021,yes,no,,,The Storyteller: Tales of Life and Music,eng,Dey St.,2021-10-27,284,Tiểu sử & hồi ký,tác giả,đọc tuần tự,284,thật (Calibre),no
C232,The Priory of the Orange Tree,Samantha Shannon,9781635570281,,,,,,2019,yes,no,,,The Priory of the Orange Tree,eng,Bloomsbury Publishing,2023-04-25,1007,Fantasy,tác giả,đọc tuần tự,1007,thật (Calibre),no
C233,A Day of Fallen Night,Samantha Shannon,9781639731800,,,,,,2023,yes,no,,,A Day of Fallen Night,eng,Bloomsbury Publishing,2023-04-25,1126,Fantasy,tác giả,đọc tuần tự,1126,thật (Calibre),no
C234,Beautiful Mind,Sylvia Nasar,9780571266074,,,,,,1998,yes,no,,,Beautiful Mind,eng,Faber & Faber,2021-05-08,757,Tâm lý & hành vi,từ khoá,đọc tuần tự,757,thật (Calibre),no
C235,Israel: A Simple Guide to the Most Misunderstood Country on Earth,Noa Tishby,9781982144951,,,,,,2022,yes,no,,,Israel: A Simple Guide to the Most Misunderstood Country on Earth,eng,Free Press,2023-12-02,263,Chính trị & xã hội,tác giả,đọc tuần tự,263,thật (Calibre),no
C237,The Courage to Act: A Memoir of a Crisis and Its Aftermath,Ben S. Bernanke,9780393247220,,,,,,2015,yes,no,,,The Courage to Act: A Memoir of a Crisis and Its Aftermath,eng,W.W. Norton,2023-03-25,685,Kinh tế & tài chính,tác giả,đọc tuần tự,685,thật (Calibre),no
C238,Grand Pursuit: The Story of Economic Genius,Sylvia Nasar,9780684872988,,,,,,2011,yes,no,,,Grand Pursuit: The Story of Economic Genius,eng,Simon and Schuster,2023-01-21,755,Kinh tế & tài chính,từ khoá,đọc tuần tự,755,thật (Calibre),no
C239,Elon Musk,Walter Isaacson,9781982181307,,,,,,2023,yes,no,,,Elon Musk,eng,Simon and Schuster,2023-09-19,564,Tiểu sử & hồi ký,tác giả,đọc tuần tự,564,thật (Calibre),no
C240,Heroes of the Space Marines,Nick Kyme & Lindsey Priestley,9781844167302,,,,,,2009,yes,no,,,Heroes of the Space Marines,eng,Black Library,2023-05-07,421,Warhammer 40K,tựa (ưu tiên),đọc tuần tự,421,thật (Calibre),no
C242,"The Innovators: How a Group of Hackers, Geniuses, and Geeks Created the Digital Revolution",Walter Isaacson,9781476708713,,,,,,2014,yes,no,,,"The Innovators: How a Group of Hackers, Geniuses, and Geeks Created the Digital Revolution",eng,Simon and Schuster,2021-05-11,707,Tiểu sử & hồi ký,tác giả,đọc tuần tự,707,thật (Calibre),no
C243,Einstein: His Life and Universe,Walter Isaacson,9781416539322,,,,,,2007,yes,no,,,Einstein: His Life and Universe,eng,Simon and Schuster,2021-05-11,919,Tiểu sử & hồi ký,tác giả,đọc tuần tự,919,thật (Calibre),no
C244,"The Code Breaker: Jennifer Doudna, Gene Editing, and the Future of the Human Race",Walter Isaacson,9781982115876,,,,,,2021,yes,no,,,"The Code Breaker: Jennifer Doudna, Gene Editing, and the Future of the Human Race",eng,Simon and Schuster,2021-05-08,423,Tiểu sử & hồi ký,tác giả,đọc tuần tự,423,thật (Calibre),no
C245,Transactions and Strategies,Robert J. Michaels,9780538786096,,,,,,2010,yes,no,,,Transactions and Strategies,eng,Cengage Learning,2024-07-23,572,Giáo trình,tác giả,giáo trình,572,thật (Calibre),no
C246,Lords of Finance: The Bankers Who Broke the World,Liaquat Ahamed,9781440697968,,,,,,2009,yes,no,,,Lords of Finance: The Bankers Who Broke the World,eng,Penguin Press,2024-03-18,716,Kinh tế & tài chính,tác giả,đọc tuần tự,716,thật (Calibre),no
C247,Benjamin Franklin: An American Life,Walter Isaacson,9780743260848,,,,,,2003,yes,no,,,Benjamin Franklin: An American Life,eng,Simon and Schuster,2021-05-11,709,Tiểu sử & hồi ký,tác giả,đọc tuần tự,709,thật (Calibre),no
C248,Leonardo Da Vinci,Walter Isaacson,9781501139178,,,,,,2017,yes,no,,,Leonardo Da Vinci,eng,Simon and Schuster,2021-05-11,654,Tiểu sử & hồi ký,tác giả,đọc tuần tự,654,thật (Calibre),no
C251,"Capitalism, Alone: The Future of the System That Rules the World",Branko Milanović,9780674242869,,,,,,2019,yes,no,,,"Capitalism, Alone: The Future of the System That Rules the World",eng,Basic Books,2023-01-21,325,Kinh tế & tài chính,tác giả,đọc tuần tự,325,thật (Calibre),no
C252,When to Rob a Bank: ...And 131 More Warped Suggestions and Well-Intended Rants,Steven D. Levitt & Stephen J. Dubner,9780062218322,,,,,,2015,yes,no,,,When to Rob a Bank: ...And 131 More Warped Suggestions and Well-Intended Rants,eng,HarperCollins,2021-05-08,292,Kinh tế & tài chính,tác giả,đọc tuần tự,292,thật (Calibre),no
C253,"SuperFreakonomics, Illustrated Edition: Global Cooling, Patriotic Prostitutes, and Why Suicide Bombers Should Buy Life Insurance",Steven D. Levitt & Stephen J. Dubner,9780061941221,,,,,,2009,yes,no,,,"SuperFreakonomics, Illustrated Edition: Global Cooling, Patriotic Prostitutes, and Why Suicide Bombers Should Buy Life Insurance",eng,HarperCollins,2021-05-08,320,Kinh tế & tài chính,tác giả,đọc tuần tự,320,thật (Calibre),no
C254,Think Like a Freak,Steven D. Levitt & Stephen J. Dubner,9780062218360,,,,,,2014,yes,no,,,Think Like a Freak,eng,HarperCollins,2021-05-08,265,Kinh tế & tài chính,tác giả,đọc tuần tự,265,thật (Calibre),no
C256,13.67,Chan Ho Kei,,,,,,,2020,yes,no,,,13.67,eng,Nhà xuất bản Hà Nội,2022-10-09,567,Trinh thám & ly kỳ,tác giả,đọc tuần tự,567,thật (Calibre),no
C257,Luther: First of the Fallen,Gav Thorpe,9781800265240,,,,,,2021,yes,no,,,Luther: First of the Fallen,eng,Black Library,2024-02-21,227,Warhammer 40K,tác giả,đọc tuần tự,227,thật (Calibre),no
C258,There Is Only War,Gav Thorpe,9781782513391,,,,,,2013,yes,no,,,There Is Only War,eng,Black Library,2023-05-07,1530,Warhammer 40K,tác giả,đọc tuần tự,1530,thật (Calibre),no
C259,Legends of the Dark Angels,Gav Thorpe,9781804072905,,,,,,2023,yes,no,,,Legends of the Dark Angels,eng,Black Library,2024-02-21,1263,Warhammer 40K,tác giả,đọc tuần tự,1263,thật (Calibre),no
C260,My Life,Bill Clinton,9781400043934,,,,,,2004,yes,no,,,My Life,eng,Alfred A. Knoff,2021-05-08,1433,Tiểu sử & hồi ký,tác giả,đọc tuần tự,1433,thật (Calibre),no
C261,Messy: The Power of Disorder to Transform Our Lives,Tim Harford,9780698408906,,,,,,2016,yes,no,,,Messy: The Power of Disorder to Transform Our Lives,eng,Riverhead Books,2023-03-16,349,Kinh tế & tài chính,tác giả,đọc tuần tự,349,thật (Calibre),no
C262,The Logic of Life: The Rational Economics of an Irrational World,Tim Harford,9780812977875,,,,,,2008,yes,no,,,The Logic of Life: The Rational Economics of an Irrational World,eng,Random House,2021-05-08,289,Kinh tế & tài chính,tác giả,đọc tuần tự,289,thật (Calibre),no
C264,Fifty Inventions That Shaped the Modern Economy,Tim Harford,9780735216150,,,,,,2017,yes,no,,,Fifty Inventions That Shaped the Modern Economy,eng,Riverhead Books,2023-03-16,361,Kinh tế & tài chính,tác giả,đọc tuần tự,361,thật (Calibre),no
C265,The Data Detective: Ten Easy Rules to Make Sense of Statistics: Ten Easy Rules to Make Sense of Statistics,Tim Harford,9780593084595,,,,,,2021,yes,no,,,The Data Detective: Ten Easy Rules to Make Sense of Statistics: Ten Easy Rules to Make Sense of Statistics,eng,Riverhead Books,2022-09-08,378,Kinh tế & tài chính,tác giả,đọc tuần tự,378,thật (Calibre),no
C266,How to Make the World Add Up,Tim Harford,9781408712221,,,,,,2020,yes,no,,,How to Make the World Add Up,eng,Bridge Stree Press,2022-05-29,360,Kinh tế & tài chính,tác giả,đọc tuần tự,360,thật (Calibre),no
C268,And the Mountains Echoed,Khaled Hosseini,9781408842447,,,,,,2012,yes,no,,,And the Mountains Echoed,eng,Bloomsbury Publishing,2024-07-10,402,Văn học đương đại,tác giả,đọc tuần tự,402,thật (Calibre),no
C269,The Undercover Economist Strikes Back: How to Run--Or Ruin--An Economy,Tim Harford,9781101613887,,,,,,2014,yes,no,,,The Undercover Economist Strikes Back: How to Run--Or Ruin--An Economy,eng,Riverhead Books,2022-09-08,266,Kinh tế & tài chính,tác giả,đọc tuần tự,266,thật (Calibre),no
C270,"Statistics 101: From Data Analysis and Predictive Modeling to Measuring Distribution and Determining Probability, Your Essential Guide to Statistics",David Borman,9781507208182,,,,,,2018,yes,no,,,"Statistics 101: From Data Analysis and Predictive Modeling to Measuring Distribution and Determining Probability, Your Essential Guide to Statistics",eng,Adams Media,2024-07-28,209,Sách nhập môn (101 / Dummies),tựa (ưu tiên),đọc tuần tự,209,thật (Calibre),no
C271,Night Lords: The Omnibus,Aaron Dembski-Bowden,9781782515487,,,,,,2014,yes,no,,,Night Lords: The Omnibus,eng,Black Library,2024-02-22,1328,Warhammer 40K,tác giả,đọc tuần tự,1328,thật (Calibre),no
C273,Krieg,Steve Lyons,9781800266117,,,,,,2022,yes,no,,,Krieg,eng,Black Library,2024-07-18,303,Warhammer 40K,tựa (ưu tiên),đọc tuần tự,303,thật (Calibre),no
C274,Smarter Faster Better,Charles Duhigg,9780812993394,,,,,,2016,yes,no,,,Smarter Faster Better,eng,Random House,2021-10-18,388,Tâm lý & hành vi,tác giả,đọc tuần tự,388,thật (Calibre),no
C275,Supercommunicators,Charles Duhigg,9780593243916,,,,,,2024,yes,no,,,Supercommunicators,eng,Doubleday,2024-08-04,331,Tâm lý & hành vi,tác giả,đọc tuần tự,331,thật (Calibre),no
C276,The Anxious Generation: How the Great Rewiring of Childhood Caused an Epidemic of Mental Illness,Jonathan Haidt,9780593655030,,,,,,2024,yes,no,,,The Anxious Generation: How the Great Rewiring of Childhood Caused an Epidemic of Mental Illness,eng,Penguin Press,2024-12-01,493,Tâm lý & hành vi,tác giả,đọc tuần tự,493,thật (Calibre),no
C277,J.R.R. Tolkien,Humphrey Carpenter,9780547524429,,,,,,1982,yes,no,,,J.R.R. Tolkien,eng,George Allen & Unwin,2022-09-03,328,Tiểu sử & hồi ký,tác giả,đọc tuần tự,328,thật (Calibre),no
C278,Frank Herbert's Dune Saga Collection: Books 1 - 6,Frank Herbert,9781101658055,,,,,,2020,yes,no,,,Frank Herbert's Dune Saga Collection: Books 1 - 6,eng,Ace Books,2021-07-23,3487,Khoa học viễn tưởng,tác giả,bộ trọn (đọc theo tập),3487,thật (Calibre),yes
C279,Red Dragon,Thomas Harris,9780425228227,,,,,,2009,yes,no,,,Red Dragon,eng,Berkley,2022-09-03,270,Trinh thám & ly kỳ,tác giả,đọc tuần tự,270,thật (Calibre),no
C281,Hannibal,Thomas Harris,9780440224679,,,,,,2000,yes,no,,,Hannibal,eng,Dell,2022-09-03,470,Trinh thám & ly kỳ,tác giả,đọc tuần tự,470,thật (Calibre),no
C282,The Story of Hong Gildong,Kyun Hŏ,9780143107699,,,,,,1600,yes,no,,,The Story of Hong Gildong,eng,Penguin Books,2025-08-31,103,Văn học kinh điển,tác giả,đọc tuần tự,103,thật (Calibre),no
C283,Strange Tales From a Chinese Studio,Pu Songling,9780140447408,,,,,,1740,yes,no,,,Strange Tales From a Chinese Studio,eng,Penguin Books,2025-08-29,509,Văn học Trung Quốc,tác giả,đọc tuần tự,509,thật (Calibre),no
C285,Source Code: My Beginnings,Bill Gates,,,,,,,2025,yes,no,,,Source Code: My Beginnings,eng,Alfred A. Knoff,2025-07-19,306,Tiểu sử & hồi ký,tác giả,đọc tuần tự,306,thật (Calibre),no
C286,The Complete Wheel of Time,Robert Jordan,9780765376862,,,,,,2014,yes,no,,,The Complete Wheel of Time,eng,Tor Books,2021-05-08,13155,Fantasy,tác giả,bộ trọn (đọc theo tập),13155,thật (Calibre),yes
C287,The Sacred Willow: Four Generations in the Life of a Vietnamese Family,Mai Elliott,9780199881345,,,,,,2000,yes,no,,,The Sacred Willow: Four Generations in the Life of a Vietnamese Family,eng,Oxford University Press,2025-01-24,544,Văn học & lịch sử Việt Nam,tác giả,đọc tuần tự,544,thật (Calibre),no
C288,"The Economics of Money, Banking and Finance: A European Text",Peter Howells,9780273710394,,,,,,2008,yes,no,,,"The Economics of Money, Banking and Finance: A European Text",eng,Prentice Hall,2023-11-29,657,Kinh tế & tài chính,từ khoá,đọc tuần tự,657,thật (Calibre),no
C289,Piranesi,Susanna Clarke,9781635577037,,,,,,2020,yes,no,,,Piranesi,eng,Bloomsbury Publishing,2021-05-08,213,Fantasy,tác giả,đọc tuần tự,213,thật (Calibre),no
C290,Jonathan Strange & Mr Norrell,Susanna Clarke,9781408803745,,,,,,2004,yes,no,,,Jonathan Strange & Mr Norrell,eng,Bloomsbury Publishing,2021-05-10,1078,Fantasy,tác giả,đọc tuần tự,1078,thật (Calibre),no
C291,Chip War: The Fight for the World's Most Critical Technology,Chris Miller,9781982172022,,,,,,2022,yes,no,,,Chip War: The Fight for the World's Most Critical Technology,eng,Scribner,2023-03-27,348,Lịch sử,từ khoá,đọc tuần tự,348,thật (Calibre),no
C292,The CIA Book Club: The Secret Mission to Win the Cold War With Forbidden Literature,Charlie English,9780593447901,,,,,,2025,yes,no,,,The CIA Book Club: The Secret Mission to Win the Cold War With Forbidden Literature,eng,William Collins,2025-08-03,384,Lịch sử,từ khoá,đọc tuần tự,384,thật (Calibre),no
C293,The Ministry for the Future,Kim Stanley Robinson,9780316300131,,,,,,2020,yes,no,,,The Ministry for the Future,eng,Orbit,2022-09-03,583,Khoa học viễn tưởng,tác giả,đọc tuần tự,583,thật (Calibre),no
C294,"The Wager: A Tale of Shipwreck, Mutiny and Murder",David Grann,9780385534260,,,,,,2023,yes,no,,,"The Wager: A Tale of Shipwreck, Mutiny and Murder",eng,Doubleday,2024-01-01,399,Lịch sử,tác giả,đọc tuần tự,399,thật (Calibre),no
C295,Dracula,Bram Stoker,9780141439846,,,,,,1897,yes,no,,,Dracula,eng,Penguin Books,2025-08-21,550,Văn học kinh điển,tác giả,đọc tuần tự,550,thật (Calibre),no
C296,Inequality: What Can Be Done?,Anthony B. Atkinson,9780674504769,,,,,,2015,yes,no,,,Inequality: What Can Be Done?,eng,Harvard University Press,2021-10-17,399,Chính trị & xã hội,từ khoá,đọc tuần tự,399,thật (Calibre),no
C297,The Foundation Novels,Isaac Asimov,9780804180573,,,,,,2014,yes,no,,,The Foundation Novels,eng,Bantam Spectra,2021-10-17,2772,Khoa học viễn tưởng,tác giả,đọc tuần tự,2772,thật (Calibre),no
C298,"How to Take Smart Notes: One Simple Technique to Boost Writing, Learning and Thinking",Sönke Ahrens,9783982438801,,,,,,2022,yes,no,,,"How to Take Smart Notes: One Simple Technique to Boost Writing, Learning and Thinking",eng,Sönke Ahrens,2023-03-24,186,Tâm lý & hành vi,từ khoá,đọc tuần tự,186,thật (Calibre),no
C299,Hollywood in China: Behind the Scenes of the World’s Largest Movie Market,Ying Zhu,9781620972199,,,,,,2022,yes,no,,,Hollywood in China: Behind the Scenes of the World’s Largest Movie Market,eng,The New Press,2023-03-23,402,Kinh tế & tài chính,từ khoá,đọc tuần tự,402,thật (Calibre),no
C300,Peak Human: What We Can Learn From the Rise and Fall of Golden Ages,Johan Norberg,9781838957308,,,,,,2025,yes,no,,,Peak Human: What We Can Learn From the Rise and Fall of Golden Ages,eng,Atlantic Books,2025-08-03,498,Kinh tế & tài chính,tác giả,đọc tuần tự,498,thật (Calibre),no
C301,Intermediate Microeconomic Theory: Tools and Step-By-Step Examples,Ana Espinola-Arredondo & Felix Munoz-Garcia,9780262359443,,,,,,2020,yes,no,,,Intermediate Microeconomic Theory: Tools and Step-By-Step Examples,eng,MIT Press,2025-07-13,505,Giáo trình,loại,giáo trình,505,thật (Calibre),no
C302,Narrative Economics: How Stories Go Viral and Drive Major Economic Events,Robert J. Shiller,9780691182292,,,,,,2019,yes,no,,,Narrative Economics: How Stories Go Viral and Drive Major Economic Events,eng,Princeton University Press,2022-09-03,403,Kinh tế & tài chính,tác giả,đọc tuần tự,403,thật (Calibre),no
C303,Ready Player One,Ernest Cline,9780307887450,,,,,,2011,yes,no,,,Ready Player One,eng,Ballantine Books,2021-05-11,458,Khoa học viễn tưởng,tác giả,đọc tuần tự,458,thật (Calibre),no
C304,Irrational Exuberance: Revised and Expanded Third Edition,Robert J. Shiller,9780691166261,,,,,,2015,yes,no,,,Irrational Exuberance: Revised and Expanded Third Edition,eng,Princeton University Press,2022-08-31,573,Kinh tế & tài chính,tác giả,đọc tuần tự,573,thật (Calibre),no
C305,Quit: The Power of Knowing When to Walk Away,Annie Duke,9780593422991,,,,,,2022,yes,no,,,Quit: The Power of Knowing When to Walk Away,eng,Portfolio/Penguin,2023-09-27,361,Tâm lý & hành vi,tác giả,đọc tuần tự,361,thật (Calibre),no
C306,Alice's Adventures in Wonderland & Through the Looking-Glass,Lewis Carroll,9780141956732,,,,,,1871,yes,no,,,Alice's Adventures in Wonderland & Through the Looking-Glass,eng,Penguin Books,2025-08-26,438,Văn học kinh điển,tác giả,đọc tuần tự,438,thật (Calibre),no
C307,Inside Out,Nick Mason,9780753819067,,,,,,2005,yes,no,,,Inside Out,eng,Orion,2024-12-26,412,Tiểu sử & hồi ký,tác giả,đọc tuần tự,412,thật (Calibre),no
C309,Thinking in Bets,Annie Duke,9780735216358,,,,,,2018,yes,no,,,Thinking in Bets,eng,Portfolio/Penguin,2023-09-27,286,Tâm lý & hành vi,tác giả,đọc tuần tự,286,thật (Calibre),no
C310,"Astronomy 101: From the Sun and Moon to Wormholes and Warp Drive, Key Theories, Discoveries, and Facts About the Universe",Carolyn Collins Petersen,9781440563607,,,,,,2013,yes,no,,,"Astronomy 101: From the Sun and Moon to Wormholes and Warp Drive, Key Theories, Discoveries, and Facts About the Universe",eng,Adams Media,2024-07-30,195,Sách nhập môn (101 / Dummies),tựa (ưu tiên),đọc tuần tự,195,thật (Calibre),no
C311,Money Changes Everything: How Finance Made Civilization Possible,William N. Goetzmann,9780691143781,,,,,,2017,yes,no,,,Money Changes Everything: How Finance Made Civilization Possible,eng,Princeton University Press,2024-03-18,688,Kinh tế & tài chính,từ khoá,đọc tuần tự,688,thật (Calibre),no
C312,Tây Du Ký,Ngô Thừa Ân,9786046992240,,,,,,2016,yes,no,,,Tây Du Ký,vie,Nhà xuất bản Văn học,2021-05-08,2078,Văn học Trung Quốc,tác giả,đọc tuần tự,2078,thật (Calibre),no
C313,A Random Walk Down Wall Street,Burton G. Malkiel,9781324035442,,,,,,2022,yes,no,,,A Random Walk Down Wall Street,eng,W.W. Norton,2023-01-21,457,Kinh tế & tài chính,tác giả,đọc tuần tự,457,thật (Calibre),no
C314,The Shortest History of India,John Zubrzycki,9781760641788,,,,,,2022,yes,no,,,The Shortest History of India,eng,Black Inc.,2024-02-12,267,Lịch sử,từ khoá,đọc tuần tự,267,thật (Calibre),no
C315,Noise: A Flaw in Human Judgment,Daniel Kahneman,9780316451383,,,,,,2021,yes,no,,,Noise: A Flaw in Human Judgment,eng,"Little, Brown",2024-02-14,467,Tâm lý & hành vi,tác giả,đọc tuần tự,467,thật (Calibre),no
C316,Macbeth,William Shakespeare,9780141934853,,,,,,1623,yes,no,,,Macbeth,eng,Penguin Books,2025-09-03,252,Văn học kinh điển,tác giả,đọc tuần tự,252,thật (Calibre),no
C317,King Lear,William Shakespeare,9780758313232,,,,,,1605,yes,no,,,King Lear,eng,Penguin Books,2025-09-03,362,Văn học kinh điển,tác giả,đọc tuần tự,362,thật (Calibre),no
C318,Othello,William Shakespeare,9780698410817,,,,,,1603,yes,no,,,Othello,eng,Penguin Books,2025-09-03,367,Văn học kinh điển,tác giả,đọc tuần tự,367,thật (Calibre),no
C319,Hamlet,William Shakespeare,9780698410718,,,,,,1601,yes,no,,,Hamlet,eng,Penguin Books,2025-09-03,392,Văn học kinh điển,tác giả,đọc tuần tự,392,thật (Calibre),no
C320,A Little History of the United States,James West Davidson,9780300181418,,,,,,2015,yes,no,,,A Little History of the United States,eng,Yale University Press,2025-01-16,346,Lịch sử,từ khoá,đọc tuần tự,346,thật (Calibre),no
C321,The Lord of the Rings,J. R. R. Tolkien,9780008471286,,,,,,2021,yes,no,,,The Lord of the Rings,eng,HarperCollins,2022-09-03,1731,Fantasy,tác giả,đọc tuần tự,1731,thật (Calibre),no
C323,The Children of Húrin,J. R. R. Tolkien,9780007322589,,,,,,2010,yes,no,,,The Children of Húrin,eng,HarperCollins,2022-09-03,213,Fantasy,tác giả,đọc tuần tự,213,thật (Calibre),no
C324,Unfinished Tales of Numenor and Middle-Earth,J. R. R. Tolkien,9780061927720,,,,,,2001,yes,no,,,Unfinished Tales of Numenor and Middle-Earth,eng,HarperCollins,2022-09-03,654,Fantasy,tác giả,đọc tuần tự,654,thật (Calibre),no
C326,The Silmarillion,J. R. R. Tolkien,9780261102736,,,,,,1977,yes,no,,,The Silmarillion,eng,HarperCollins Publishers,2022-09-04,391,Fantasy,tác giả,đọc tuần tự,391,thật (Calibre),no
C327,Beren and Lúthien,J. R. R. Tolkien,9781328791825,,,,,,2017,yes,no,,,Beren and Lúthien,eng,Houghton Mifflin Harcourt,2022-09-03,287,Fantasy,tác giả,đọc tuần tự,287,thật (Calibre),no
C328,The Fall of Gondolin,J. R. R. Tolkien,9781328613042,,,,,,2018,yes,no,,,The Fall of Gondolin,eng,Houghton Mifflin Harcourt,2022-09-03,251,Fantasy,tác giả,đọc tuần tự,251,thật (Calibre),no
C329,"How We Learn: The Surprising Truth About When, Where, and Why It Happens",Benedict Carey,9780812993882,,,,,,2014,yes,no,,,"How We Learn: The Surprising Truth About When, Where, and Why It Happens",eng,Random House,2023-07-16,246,Tâm lý & hành vi,tác giả,đọc tuần tự,246,thật (Calibre),no
C330,The crying of lot 49,Thomas Pynchon,9780060931674,,,,,,1999,yes,no,,,The crying of lot 49,eng,HarperCollins,2024-12-04,113,Văn học đương đại,tác giả,đọc tuần tự,113,thật (Calibre),no
C331,The Fury of the Gods,John Gwynne,9780356514277,,,,,,2024,yes,no,,,The Fury of the Gods,eng,Orbit,2024-10-23,621,Fantasy,tác giả,đọc tuần tự,621,thật (Calibre),no
C332,Malice,John Gwynne,9780230767270,,,,,,2012,yes,no,,,Malice,eng,Tor Books,2022-09-11,810,Fantasy,tác giả,đọc tuần tự,810,thật (Calibre),no
C334,Ruin,John Gwynne,9781447259671,,,,,,2015,yes,no,,,Ruin,eng,Tor Books,2022-09-11,962,Fantasy,tác giả,đọc tuần tự,962,thật (Calibre),no
C335,The Hunger of the Gods,John Gwynne,9780316539920,,,,,,2022,yes,no,,,The Hunger of the Gods,eng,Orbit,2022-09-03,761,Fantasy,tác giả,đọc tuần tự,761,thật (Calibre),no
C336,Valour,John Gwynne,9780230771437,,,,,,2014,yes,no,,,Valour,eng,Tor Books,2022-09-11,798,Fantasy,tác giả,đọc tuần tự,798,thật (Calibre),no
C337,Wrath,John Gwynne,9781447259718,,,,,,2016,yes,no,,,Wrath,eng,Tor Books,2022-09-11,835,Fantasy,tác giả,đọc tuần tự,835,thật (Calibre),no
C338,English Lit 101,Brian Boone,9781440599712,,,,,,2017,yes,no,,,English Lit 101,eng,Adams Media,2024-07-28,180,Sách nhập môn (101 / Dummies),tác giả,đọc tuần tự,180,thật (Calibre),no
C339,"Ethics 101: From Altruism and Utilitarianism to Bioethics and Political Ethics, an Exploration of the Concepts of Right and Wrong",Brian Boone,9781507204931,,,,,,2017,yes,no,,,"Ethics 101: From Altruism and Utilitarianism to Bioethics and Political Ethics, an Exploration of the Concepts of Right and Wrong",eng,Adams Media,2024-07-29,214,Sách nhập môn (101 / Dummies),tựa (ưu tiên),đọc tuần tự,214,thật (Calibre),no
C340,"Music Theory 101: From Keys and Scales to Rhythm and Melody, an Essential Primer on the Basics of Music Theory",Brian Boone & Marc Schonbrun,9781507203668,,,,,,2017,yes,no,,,"Music Theory 101: From Keys and Scales to Rhythm and Melody, an Essential Primer on the Basics of Music Theory",eng,Adams Media,2024-07-30,185,Sách nhập môn (101 / Dummies),tựa (ưu tiên),đọc tuần tự,185,thật (Calibre),no
C341,"Home: Habitat, Range, Niche, Territory",Martha Wells,9781250838865,,,,,,2021,yes,no,,,"Home: Habitat, Range, Niche, Territory",eng,Tor Books,2023-04-14,14,Khoa học viễn tưởng,tác giả,đọc tuần tự,14,thật (Calibre),no
C342,Witch King,Martha Wells,9781250826800,,,,,,2023,yes,no,,,Witch King,eng,Tor Books,2024-06-27,455,Khoa học viễn tưởng,tác giả,đọc tuần tự,455,thật (Calibre),no
C343,System Collapse,Martha Wells,9781250826985,,,,,,2023,yes,no,,,System Collapse,eng,Tom Doherty Associates,2024-02-18,224,Khoa học viễn tưởng,tác giả,đọc tuần tự,224,thật (Calibre),no
C344,Exit Strategy: The Murderbot Diaries,Martha Wells,9781250185464,,,,,,2018,yes,no,,,Exit Strategy: The Murderbot Diaries,eng,Tom Doherty Associates,2024-02-18,157,Khoa học viễn tưởng,tác giả,đọc tuần tự,157,thật (Calibre),no
C345,Network Effect: A Murderbot Novel,Martha Wells,9781250229847,,,,,,2020,yes,no,,,Network Effect: A Murderbot Novel,eng,Tor Books,2023-04-14,391,Khoa học viễn tưởng,tác giả,đọc tuần tự,391,thật (Calibre),no
C346,Artificial Condition: The Murderbot Diaries,Martha Wells,9781250186935,,,,,,2018,yes,no,,,Artificial Condition: The Murderbot Diaries,eng,Tor Books,2023-04-14,124,Khoa học viễn tưởng,tác giả,đọc tuần tự,124,thật (Calibre),no
C347,Fugitive Telemetry,Martha Wells,9781250765383,,,,,,2021,yes,no,,,Fugitive Telemetry,eng,Tor Books,2023-04-14,134,Khoa học viễn tưởng,tác giả,đọc tuần tự,134,thật (Calibre),no
C348,All Systems Red: The Murderbot Diaries,Martha Wells,9780765397539,,,,,,2017,yes,no,,,All Systems Red: The Murderbot Diaries,eng,Tor Books,2023-04-14,107,Khoa học viễn tưởng,tác giả,đọc tuần tự,107,thật (Calibre),no
C349,Rogue Protocol: The Murderbot Diaries,Martha Wells,9781250185433,,,,,,2018,yes,no,,,Rogue Protocol: The Murderbot Diaries,eng,Tor Books,2023-04-14,130,Khoa học viễn tưởng,tác giả,đọc tuần tự,130,thật (Calibre),no
C350,Timelines of Everyone: From Cleopatra and Confucius to Mozart and Malala,D.K. Publishing,9781465499967,,,,,,2020,yes,no,,,Timelines of Everyone: From Cleopatra and Confucius to Mozart and Malala,eng,D.K. Publishing,2023-09-11,320,Tra cứu & minh hoạ,loại,tra cứu,320,thật (Calibre),no
C352,Universe: The Definitive Visual Guide,D.K. Publishing,9781465499950,,,,,,2020,yes,no,,,Universe: The Definitive Visual Guide,eng,D.K. Publishing,2023-09-14,528,Tra cứu & minh hoạ,loại,tra cứu,528,thật (Calibre),no
C353,World History: From the Ancient World to the Information Age,D.K. Publishing,9781465462404,,,,,,2017,yes,no,,,World History: From the Ancient World to the Information Age,eng,D.K. Publishing,2023-09-13,418,Tra cứu & minh hoạ,loại,tra cứu,418,thật (Calibre),no
C354,The Civil War: A Visual History,D.K. Publishing,9780241186015,,,,,,2015,yes,no,,,The Civil War: A Visual History,eng,D.K. Publishing,2023-12-23,386,Tra cứu & minh hoạ,loại,tra cứu,386,thật (Calibre),no
C356,Intermediate Microeconomics and Its Application,Walter Nicholson & Christopher M. Snyder,9781133189022,,,,,,2015,yes,no,,,Intermediate Microeconomics and Its Application,eng,Cengage Learning,2024-06-16,650,Giáo trình,loại,giáo trình,650,thật (Calibre),no
C357,Microeconomic Theory: Basic Principles and Extensions,Walter Nicholson & Christopher M. Snyder,9781305505797,,,,,,2016,yes,no,,,Microeconomic Theory: Basic Principles and Extensions,eng,Cengage Learning,2023-03-23,786,Giáo trình,tác giả,giáo trình,786,thật (Calibre),no
C358,A People's History of the United States,Howard Zinn,9780062466679,,,,,,2015,yes,no,,,A People's History of the United States,eng,HarperCollins,2024-10-02,841,Lịch sử,từ khoá,đọc tuần tự,841,thật (Calibre),no
C359,Howard Zinn on History,Howard Zinn,9781609802349,,,,,,2011,yes,no,,,Howard Zinn on History,eng,Seven Stories Press,2024-10-02,246,Lịch sử,từ khoá,đọc tuần tự,246,thật (Calibre),no
C360,A Little History of Art,Charlotte Mullins,9780300265538,,,,,,2022,yes,no,,,A Little History of Art,eng,Yale University Press,2025-01-16,310,Lịch sử,từ khoá,đọc tuần tự,310,thật (Calibre),no
C361,The Institute,Stephen King,9781982110598,,,,,,2019,yes,no,,,The Institute,eng,Scribner,2021-05-11,621,Trinh thám & ly kỳ,tác giả,đọc tuần tự,621,thật (Calibre),no
C362,Fairy Tale,Stephen King,9781668002186,,,,,,2022,yes,no,,,Fairy Tale,eng,Scribner,2022-09-18,699,Trinh thám & ly kỳ,tác giả,đọc tuần tự,699,thật (Calibre),no
C363,Finders Keepers,Stephen King,9781501100123,,,,,,2016,yes,no,,,Finders Keepers,eng,Scribner,2023-04-24,431,Trinh thám & ly kỳ,tác giả,đọc tuần tự,431,thật (Calibre),no
C365,The Stand,Stephen King,9780385528856,,,,,,1994,yes,no,,,The Stand,eng,Scribner,2023-04-24,1604,Trinh thám & ly kỳ,tác giả,đọc tuần tự,1604,thật (Calibre),no
C366,End of Watch,Stephen King,9781501134159,,,,,,2016,yes,no,,,End of Watch,eng,Scribner,2023-04-24,426,Trinh thám & ly kỳ,tác giả,đọc tuần tự,426,thật (Calibre),no
C367,The Shining,Stephen King,9780385528863,,,,,,2008,yes,no,,,The Shining,eng,Scribner,2023-04-24,579,Trinh thám & ly kỳ,tác giả,đọc tuần tự,579,thật (Calibre),no
C368,It,Stephen King,9781101138113,,,,,,1986,yes,no,,,It,eng,Scribner,2023-04-24,1490,Trinh thám & ly kỳ,tác giả,đọc tuần tự,1490,thật (Calibre),no
C370,The Fall,Ryan Cahill,9781838381837,,,,,,2021,yes,no,,,The Fall,eng,Ryan Cahill,2023-08-27,46,Fantasy,tác giả,đọc tuần tự,46,thật (Calibre),no
C371,The Ice: The Bound and the Broken Novella,Ryan Cahill,9781739620943,,,,,,2023,yes,no,,,The Ice: The Bound and the Broken Novella,eng,Ryan Cahill,2025-08-04,203,Fantasy,tác giả,đọc tuần tự,203,thật (Calibre),no
C372,Under the Dome,Stephen King,9781439148501,,,,,,2009,yes,no,,,Under the Dome,eng,Scribner,2021-05-11,1267,Trinh thám & ly kỳ,tác giả,đọc tuần tự,1267,thật (Calibre),no
C373,Of Empires and Dust,Ryan Cahill,,,,,,,2025,yes,no,,,Of Empires and Dust,eng,Ryan Cahill,2025-08-04,1697,Fantasy,tác giả,đọc tuần tự,1697,thật (Calibre),no
C374,The Blood That Burns the Winter Snow: A Tale From the Bound and the Broken,Ryan Cahill,,,,,,,2024,yes,no,,,The Blood That Burns the Winter Snow: A Tale From the Bound and the Broken,eng,Ryan Cahill,2025-08-04,22,Fantasy,tác giả,đọc tuần tự,22,thật (Calibre),no
C375,Of War and Ruin,Ryan Cahill,9781739620912,,,,,,2023,yes,no,,,Of War and Ruin,eng,Ryan Cahill,2023-08-27,1469,Fantasy,tác giả,đọc tuần tự,1469,thật (Calibre),no
C376,The Exile: The Bound and the Broken Novella,Ryan Cahill,9781838381882,,,,,,2022,yes,no,,,The Exile: The Bound and the Broken Novella,eng,Ryan Cahill,2023-08-27,155,Fantasy,tác giả,đọc tuần tự,155,thật (Calibre),no
C377,Of Darkness and Light,Ryan Cahill,9781838381868,,,,,,2021,yes,no,,,Of Darkness and Light,eng,Ryan Cahill,2023-08-27,785,Fantasy,tác giả,đọc tuần tự,785,thật (Calibre),no
C378,Of Blood and Fire,Ryan Cahill,9781838381806,,,,,,2021,yes,no,,,Of Blood and Fire,eng,Ryan Cahill,2023-08-27,468,Fantasy,tác giả,đọc tuần tự,468,thật (Calibre),no
C379,"Stoicism 101: From Marcus Aurelius and Epictetus to the Role of Reason and Amor Fati, an Essential Primer on Stoic Philosophy",Erick Cloward,,,,,,,2025,yes,no,,,"Stoicism 101: From Marcus Aurelius and Epictetus to the Role of Reason and Amor Fati, an Essential Primer on Stoic Philosophy",eng,Adams Media,2025-07-05,187,Sách nhập môn (101 / Dummies),tựa (ưu tiên),đọc tuần tự,187,thật (Calibre),no
C380,A Memory Called Empire,Arkady Martine,9781529001600,,,,,,2020,yes,no,,,A Memory Called Empire,eng,Tor Books,2022-05-22,459,Khoa học viễn tưởng,tác giả,đọc tuần tự,459,thật (Calibre),no
C381,A Desolation Called Peace,Arkady Martine,9781250186485,,,,,,2021,yes,no,,,A Desolation Called Peace,eng,Tor Books,2022-05-22,521,Khoa học viễn tưởng,tác giả,đọc tuần tự,521,thật (Calibre),no
C382,Building a Second Brain: A Proven Method to Organize Your Digital Life and Unlock Your Creative Potential,Tiago Forte,9781800812215,,,,,,2022,yes,no,,,Building a Second Brain: A Proven Method to Organize Your Digital Life and Unlock Your Creative Potential,eng,Profile Books,2022-06-14,221,Phát triển bản thân & năng suất,tác giả,đọc tuần tự,221,thật (Calibre),no
C383,The Romance of the Three Kingdoms,Luo Guanzhong,9780141197449,,,,,,1360,yes,no,,,The Romance of the Three Kingdoms,eng,Penguin Books,2025-08-25,655,Văn học Trung Quốc,tác giả,đọc tuần tự,655,thật (Calibre),no
C384,"The PARA Method: Simplify, Organize, and Master Your Digital Life",Tiago Forte,9781800819559,,,,,,2023,yes,no,,,"The PARA Method: Simplify, Organize, and Master Your Digital Life",eng,Profile Books,2023-08-17,58,Phát triển bản thân & năng suất,tác giả,đọc tuần tự,58,thật (Calibre),no
C385,"Cogs and Monsters: What Economics Is, and What It Should Be",Diane Coyle,9780691210599,,,,,,2021,yes,no,,,"Cogs and Monsters: What Economics Is, and What It Should Be",eng,Princeton University Press,2024-06-07,205,Kinh tế & tài chính,tác giả,đọc tuần tự,205,thật (Calibre),no
C386,Hồng Lâu Mộng,Tào Tuyết Cần & Cao Ngạc,,,,,,,2016,yes,no,,,Hồng Lâu Mộng,vie,Nhà xuất bản Văn học,2024-03-19,2121,Văn học Trung Quốc,tác giả,đọc tuần tự,2121,thật (Calibre),no
C387,"Margin: Restoring Emotional, Physical, Financial, and Time Reserves to Overloaded Lives",Richard Swenson,9781576836828,,,,,,2004,yes,no,,,"Margin: Restoring Emotional, Physical, Financial, and Time Reserves to Overloaded Lives",eng,NavPress Publishing Group,2023-09-27,207,Kinh tế & tài chính,từ khoá,đọc tuần tự,207,thật (Calibre),no
C390,"U.S. History 101: Historic Events, Key People, Important Locations, and More!",Kathleen Sears,9781440586484,,,,,,2014,yes,no,,,"U.S. History 101: Historic Events, Key People, Important Locations, and More!",eng,Adams Media,2024-07-29,196,Sách nhập môn (101 / Dummies),tựa (ưu tiên),đọc tuần tự,196,thật (Calibre),no
C391,"Socialism 101: From the Bolsheviks and Karl Marx to Universal Healthcare and the Democratic Socialists, Everything You Need to Know about Socialism",Kathleen Sears,9781440512773,,,,,,2019,yes,no,,,"Socialism 101: From the Bolsheviks and Karl Marx to Universal Healthcare and the Democratic Socialists, Everything You Need to Know about Socialism",eng,Adams Media,2024-07-28,222,Sách nhập môn (101 / Dummies),tựa (ưu tiên),đọc tuần tự,222,thật (Calibre),no
C392,"Astrology 101: From Sun Signs to Moon Signs, Your Guide to Astrology",Kathleen Sears,9781440594731,,,,,,2015,yes,no,,,"Astrology 101: From Sun Signs to Moon Signs, Your Guide to Astrology",eng,Adams Media,2024-07-30,197,Sách nhập môn (101 / Dummies),tựa (ưu tiên),đọc tuần tự,197,thật (Calibre),no
C393,"Mythology 101: From Gods and Goddesses to Monsters and Mortals, Your Guide to Ancient Mythology",Kathleen Sears,9781440573323,,,,,,2013,yes,no,,,"Mythology 101: From Gods and Goddesses to Monsters and Mortals, Your Guide to Ancient Mythology",eng,Adams Media,2024-07-28,184,Sách nhập môn (101 / Dummies),tựa (ưu tiên),đọc tuần tự,184,thật (Calibre),no
C394,"American Government 101: From the Continental Congress to the Iowa Caucus, Everything You Need to Know About US Politics",Kathleen Sears,9781440598456,,,,,,2016,yes,no,,,"American Government 101: From the Continental Congress to the Iowa Caucus, Everything You Need to Know About US Politics",eng,Adams Media,2024-07-28,186,Sách nhập môn (101 / Dummies),tựa (ưu tiên),đọc tuần tự,186,thật (Calibre),no
C395,"Grammar 101: From Split Infinitives to Dangling Participles, an Essential Guide to Understanding Grammar",Kathleen Sears,9781507203606,,,,,,2017,yes,no,,,"Grammar 101: From Split Infinitives to Dangling Participles, an Essential Guide to Understanding Grammar",eng,Adams Media,2024-07-30,303,Sách nhập môn (101 / Dummies),tựa (ưu tiên),đọc tuần tự,303,thật (Calibre),no
C396,"Weather 101: From Doppler Radar and Long-Range Forecasts to the Polar Vortex and Climate Change, Everything You Need to Know About the Study of Weather",Kathleen Sears,9781507204634,,,,,,2017,yes,no,,,"Weather 101: From Doppler Radar and Long-Range Forecasts to the Polar Vortex and Climate Change, Everything You Need to Know About the Study of Weather",eng,Adams Media,2024-07-30,217,Sách nhập môn (101 / Dummies),tựa (ưu tiên),đọc tuần tự,217,thật (Calibre),no
C397,Ho Chi Minh: A Biography,Pierre Brocheux,9780521850629,,,,,,2007,yes,no,,,Ho Chi Minh: A Biography,eng,Cambridge University Press,2024-09-04,304,Tiểu sử & hồi ký,từ khoá,đọc tuần tự,304,thật (Calibre),no
C398,Payoff: The Hidden Logic That Shapes Our Motivations,Dan Ariely,9781501120053,,,,,,2016,yes,no,,,Payoff: The Hidden Logic That Shapes Our Motivations,eng,TEDBooks,2022-08-31,84,Tâm lý & hành vi,tác giả,đọc tuần tự,84,thật (Calibre),no
C399,Misbelief: What Makes Rational People Believe Irrational Things,Dan Ariely,9780063280427,,,,,,2023,yes,no,,,Misbelief: What Makes Rational People Believe Irrational Things,eng,HarperCollins,2023-12-01,333,Tâm lý & hành vi,tác giả,đọc tuần tự,333,thật (Calibre),no
C400,Amazing Decisions: The Illustrated Guide to Improving Business Deals and Family Meals,Dan Ariely,9781466899544,,,,,,2019,yes,no,,,Amazing Decisions: The Illustrated Guide to Improving Business Deals and Family Meals,eng,Hill and Wang,2023-12-01,143,Tra cứu & minh hoạ,loại,tra cứu,143,thật (Calibre),no
C401,Behavioural Economics Saved My Dog: Life Advice for the Imperfect Human,Dan Ariely,9781780748177,,,,,,2015,yes,no,,,Behavioural Economics Saved My Dog: Life Advice for the Imperfect Human,eng,Oneworld Publications,2022-09-09,124,Tâm lý & hành vi,tác giả,đọc tuần tự,124,thật (Calibre),no
C402,Dollars and Sense: How We Misthink Money and How to Spend Smarter,Dan Ariely & Jeff Kreisler,9780062651204,,,,,,2017,yes,no,,,Dollars and Sense: How We Misthink Money and How to Spend Smarter,eng,HarperCollins,2022-09-09,303,Tâm lý & hành vi,tác giả,đọc tuần tự,303,thật (Calibre),no
C403,"Predictably Irrational, Revised and Expanded Edition: The Hidden Forces That Shape Our Decisions",Dan Ariely,9780061958724,,,,,,2009,yes,no,,,"Predictably Irrational, Revised and Expanded Edition: The Hidden Forces That Shape Our Decisions",eng,HarperCollins,2022-08-31,383,Tâm lý & hành vi,tác giả,đọc tuần tự,383,thật (Calibre),no
C404,"The Shortest History of Migration: When, Why, and How Humans Move - From the Prehistoric Peopling of the Planet to Today's Refugee Crisis",Ian Goldin,9798893030600,,,,,,2025,yes,no,,,"The Shortest History of Migration: When, Why, and How Humans Move - From the Prehistoric Peopling of the Planet to Today's Refugee Crisis",eng,Experiment,2025-01-16,272,Lịch sử,từ khoá,đọc tuần tự,272,thật (Calibre),no
C405,The (Honest) Truth About Dishonesty: How We Lie to Everyone – Especially Ourselves,Dan Ariely,9780007477319,,,,,,2012,yes,no,,,The (Honest) Truth About Dishonesty: How We Lie to Everyone – Especially Ourselves,eng,HarperCollins,2022-09-09,259,Tâm lý & hành vi,tác giả,đọc tuần tự,259,thật (Calibre),no
C406,On the Brink,Henry M. Paulson Jr.,9781455551903,,,,,,2013,yes,no,,,On the Brink,eng,Business Plus,2023-03-25,503,Kinh tế & tài chính,tác giả,đọc tuần tự,503,thật (Calibre),no
C407,A Little History of Science,William Bynum,9780300136593,,,,,,2012,yes,no,,,A Little History of Science,eng,Yale University Press,2025-01-16,278,Khoa học & công nghệ,tựa (ưu tiên),đọc tuần tự,278,thật (Calibre),no
C408,How to Expect the Unexpected: The Science of Making Predictions―and the Art of Knowing When Not To,Kit Yates,9781541604933,,,,,,2023,yes,no,,,How to Expect the Unexpected: The Science of Making Predictions―and the Art of Knowing When Not To,eng,Basic Books,2024-06-09,402,Khoa học & công nghệ,từ khoá,đọc tuần tự,402,thật (Calibre),no
C409,The Shadow of What Was Lost,James Islington,9780316552745,,,,,,2016,yes,no,,,The Shadow of What Was Lost,eng,Orbit,2023-03-28,825,Fantasy,tác giả,đọc tuần tự,825,thật (Calibre),no
C410,The Will of the Many,James Islington,9781982141196,,,,,,2023,yes,no,,,The Will of the Many,eng,Saga Press,2023-06-10,854,Fantasy,tác giả,đọc tuần tự,854,thật (Calibre),no
C411,Minka Lesk: The Last Whiteshield,Justin D. Hill,9781804073001,,,,,,2023,yes,no,,,Minka Lesk: The Last Whiteshield,eng,Black Library,2024-07-18,1093,Warhammer 40K,tác giả,đọc tuần tự,1093,thật (Calibre),no
C412,The Light of All That Falls,James Islington,9780316274180,,,,,,2019,yes,no,,,The Light of All That Falls,eng,Orbit,2023-03-28,1019,Fantasy,tác giả,đọc tuần tự,1019,thật (Calibre),no
C413,An Echo of Things to Come,James Islington,9780316274111,,,,,,2018,yes,no,,,An Echo of Things to Come,eng,Orbit,2023-03-28,883,Fantasy,tác giả,đọc tuần tự,883,thật (Calibre),no
C415,Reading the Silver Screen: A Film Lover's Guide to Decoding the Art Form That Moves,Thomas C. Foster,9780062113405,,,,,,2014,yes,no,,,Reading the Silver Screen: A Film Lover's Guide to Decoding the Art Form That Moves,eng,HarperCollins,2024-07-10,342,Phê bình văn học & nghệ thuật,tác giả,đọc tuần tự,342,thật (Calibre),no
C416,How to Read Novels Like a Professor: A Jaunty Exploration of the World's Favorite Literary Form,Thomas C. Foster,9780061977701,,,,,,2008,yes,no,,,How to Read Novels Like a Professor: A Jaunty Exploration of the World's Favorite Literary Form,eng,HarperCollins,2024-07-05,276,Phê bình văn học & nghệ thuật,tác giả,đọc tuần tự,276,thật (Calibre),no
C417,"How to Write Like a Writer: A Sharp and Subversive Guide to Ignoring Inhibitions, Inviting Inspiration, and Finding Your True Voice",Thomas C. Foster,9780063139411,,,,,,2022,yes,no,,,"How to Write Like a Writer: A Sharp and Subversive Guide to Ignoring Inhibitions, Inviting Inspiration, and Finding Your True Voice",eng,HarperCollins,2024-07-10,230,Phê bình văn học & nghệ thuật,tác giả,đọc tuần tự,230,thật (Calibre),no
C418,"How to Read Nonfiction Like a Professor: A Smart, Irreverent Guide to Biography, History, Journalism, Blogs, and Everything in Between",Thomas C. Foster,9780062895813,,,,,,2020,yes,no,,,"How to Read Nonfiction Like a Professor: A Smart, Irreverent Guide to Biography, History, Journalism, Blogs, and Everything in Between",eng,HarperCollins,2024-07-05,262,Phê bình văn học & nghệ thuật,tác giả,đọc tuần tự,262,thật (Calibre),no
C419,"Twenty-Five Books That Shaped America: How White Whales, Green Lights, and Restless Spirits Forged Our National Identity",Thomas C. Foster,9780062092076,,,,,,2011,yes,no,,,"Twenty-Five Books That Shaped America: How White Whales, Green Lights, and Restless Spirits Forged Our National Identity",eng,HarperCollins,2024-07-10,308,Phê bình văn học & nghệ thuật,tác giả,đọc tuần tự,308,thật (Calibre),no
C420,Kellanved's Reach,Ian C. Esslemont,9781466868601,,,,,,2019,yes,no,,,Kellanved's Reach,eng,Penguin,2023-04-14,437,Fantasy,tác giả,đọc tuần tự,437,thật (Calibre),no
C421,Forge of the High Mage,Ian C. Esslemont,9781473571242,,,,,,2023,yes,no,,,Forge of the High Mage,eng,Penguin,2023-04-14,615,Fantasy,tác giả,đọc tuần tự,615,thật (Calibre),no
C422,Điều kỳ diệu của tiệm tạp hóa Namiya,Higashino Keigo,9786045364673,,,,,,2012,yes,no,,,Điều kỳ diệu của tiệm tạp hóa Namiya,vie,Nhà xuất bản Hội Nhà Văn,2021-10-17,334,Văn học Nhật Bản,tác giả,đọc tuần tự,334,thật (Calibre),no
C424,Default,Gregory Makoff,,,,,,,2023,yes,no,,,Default,eng,Georgetown University Press,2024-12-08,491,Kinh tế & tài chính,tác giả,đọc tuần tự,491,thật (Calibre),no
C425,Deadhouse Landing,Ian C. Esslemont,9781466868595,,,,,,2017,yes,no,,,Deadhouse Landing,eng,Penguin,2023-04-14,517,Fantasy,tác giả,đọc tuần tự,517,thật (Calibre),no
C426,News and How to Use It: What to Believe in a Fake News World,Alan Rusbridger,9781838851613,,,,,,2020,yes,no,,,News and How to Use It: What to Believe in a Fake News World,eng,Cannongate,2023-08-22,375,Chính trị & xã hội,tác giả,đọc tuần tự,375,thật (Calibre),no
C427,"Bible 101: From Genesis and Psalms to the Gospels and Revelation, Your Guide to the Old and New Testaments",Edward D. Gravely & Peter Link & Peter Jackson Link (jr.),9781507219805,,,,,,2023,yes,no,,,"Bible 101: From Genesis and Psalms to the Gospels and Revelation, Your Guide to the Old and New Testaments",eng,Adams Media,2024-07-31,207,Sách nhập môn (101 / Dummies),tựa (ưu tiên),đọc tuần tự,207,thật (Calibre),no
C428,Breaking News: The Remaking of Journalism and Why It Matters Now,Alan Rusbridger,9781786890931,,,,,,2018,yes,no,,,Breaking News: The Remaking of Journalism and Why It Matters Now,eng,Cannongate,2023-08-22,582,Chính trị & xã hội,tác giả,đọc tuần tự,582,thật (Calibre),no
C429,Dancer's Lament,Ian C. Esslemont,9780593074350,,,,,,2016,yes,no,,,Dancer's Lament,eng,Penguin,2023-04-14,539,Fantasy,tác giả,đọc tuần tự,539,thật (Calibre),no
C430,The Invisible Gorilla,Christopher F. Chabris & Christopher Chabris & Daniel J. Simons,9780307459671,,,,,,2010,yes,no,,,The Invisible Gorilla,eng,Crown,2022-10-11,351,Tâm lý & hành vi,tác giả,đọc tuần tự,351,thật (Calibre),no
C431,"Investments: Analysis and Management, 13th Edition: Analysis and Management",Charles P. Jones & Jensen,9781119175162,,,,,,2016,yes,no,,,"Investments: Analysis and Management, 13th Edition: Analysis and Management",eng,Wiley,2024-12-19,643,Kinh doanh & quản trị,từ khoá,đọc tuần tự,643,thật (Calibre),no
C432,The Shortest History of Germany,James Hawes,9781910400425,,,,,,2017,yes,no,,,The Shortest History of Germany,eng,Old Street Publishing,2024-02-12,168,Lịch sử,tác giả,đọc tuần tự,168,thật (Calibre),no
C434,"The Shortest History of Italy: 3,000 Years From the Romans to the Renaissance to a Modern Republic - a Retelling for Our Times",Ross King,9781891011467,,,,,,2024,yes,no,,,"The Shortest History of Italy: 3,000 Years From the Romans to the Renaissance to a Modern Republic - a Retelling for Our Times",eng,The Experiment,2024-06-29,254,Lịch sử,từ khoá,đọc tuần tự,254,thật (Calibre),no
C435,An Encouragement of Learning,Yukichi Fukuzawa,9780231536615,,,,,,2013,yes,no,,,An Encouragement of Learning,eng,Columbia University Press,2023-12-23,188,Triết học & tôn giáo,tác giả,đọc tuần tự,188,thật (Calibre),no
C436,A Little History of Music,Robert Philip,9780300271720,,,,,,2023,yes,no,,,A Little History of Music,eng,Yale University Press,2025-01-16,348,Lịch sử,từ khoá,đọc tuần tự,348,thật (Calibre),no
C437,Xi: A Study in Power,Kerry Brown,9781785789397,,,,,,2022,yes,no,,,Xi: A Study in Power,eng,Icon Books,2024-01-29,171,Chính trị & xã hội,tác giả,đọc tuần tự,171,thật (Calibre),no
C439,The Winner-Take-All Society: Why the Few at the Top Get So Much More Than the Rest of Us,Robert Frank & Philip J. Cook,9780028740348,,,,,,1995,yes,no,,,The Winner-Take-All Society: Why the Few at the Top Get So Much More Than the Rest of Us,eng,Penguin Books,2023-03-27,285,Kinh tế & tài chính,tác giả,đọc tuần tự,285,thật (Calibre),no
C440,Milton Friedman: The Last Conservative,Jennifer Burns,9780374601157,,,,,,2023,yes,no,,,Milton Friedman: The Last Conservative,eng,"Farrar, Straus and Giroux",2024-06-07,674,Tiểu sử & hồi ký,tác giả,đọc tuần tự,674,thật (Calibre),no
C441,A Little History of Philosophy,Nigel Warburton,9780300152081,,,,,,2011,yes,no,,,A Little History of Philosophy,eng,Yale University Press,2025-01-03,229,Lịch sử,từ khoá,đọc tuần tự,229,thật (Calibre),no
C442,The Shortest History of Europe,John Hirst,9781615199150,,,,,,2022,yes,no,,,The Shortest History of Europe,eng,The Experiment,2024-02-12,236,Lịch sử,từ khoá,đọc tuần tự,236,thật (Calibre),no
C444,"Chatter: The Voice in Our Head, Why It Matters, and How to Harness It: The Voice in Our Head, Why It Matters, and How to Harness It",Ethan Kross,9780525575238,,,,,,2021,yes,no,,,"Chatter: The Voice in Our Head, Why It Matters, and How to Harness It: The Voice in Our Head, Why It Matters, and How to Harness It",eng,Crown,2022-09-08,232,Tâm lý & hành vi,tác giả,đọc tuần tự,232,thật (Calibre),no
C445,Superforecasting: The Art and Science of Prediction,Philip E. Tetlock & Dan Gardner,9780804136693,,,,,,2015,yes,no,,,Superforecasting: The Art and Science of Prediction,eng,Crown Publishers,2024-01-01,322,Khoa học & công nghệ,từ khoá,đọc tuần tự,322,thật (Calibre),no
C446,Fault Lines: How Hidden Fractures Still Threaten the World Economy,Raghuram G. Rajan,9780691146836,,,,,,2011,yes,no,,,Fault Lines: How Hidden Fractures Still Threaten the World Economy,eng,Princeton University Press,2023-03-24,337,Kinh tế & tài chính,tác giả,đọc tuần tự,337,thật (Calibre),no
C447,Valdor: Birth of the Imperium,Chris Wraight,9781789993325,,,,,,2020,yes,no,,,Valdor: Birth of the Imperium,eng,Black Library,2023-05-07,191,Warhammer 40K,tựa (ưu tiên),đọc tuần tự,191,thật (Calibre),no
C448,The Tale of Genji,Murasaki Shikibu,9780670030200,,,,,,2006,yes,no,,,The Tale of Genji,eng,Penguin Books,2023-12-08,1819,Văn học kinh điển,tác giả,đọc tuần tự,1819,thật (Calibre),no
C449,The Globalization Paradox: Democracy and the Future of the World Economy,Dani Rodrik,9780393341287,,,,,,2010,yes,no,,,The Globalization Paradox: Democracy and the Future of the World Economy,eng,W.W. Norton,2024-06-22,349,Kinh tế & tài chính,từ khoá,đọc tuần tự,349,thật (Calibre),no
C450,Đảo Chìm,Trần Đăng Khoa,,,,,,,2000,yes,no,,,Đảo Chìm,eng,Nhà xuất bản Kim Đồng,2023-01-01,193,Văn học & lịch sử Việt Nam,tác giả,đọc tuần tự,193,thật (Calibre),no
C451,Lonesome Dove,Larry McMurtry,9781439195260,,,,,,1985,yes,no,,,Lonesome Dove,eng,Simon and Schuster,2024-02-03,1190,Tiểu thuyết lịch sử,tác giả,đọc tuần tự,1190,thật (Calibre),no
C452,Economics Rules: The Rights and Wrongs of the Dismal Science,Dani Rodrik,9780393246414,,,,,,2015,yes,no,,,Economics Rules: The Rights and Wrongs of the Dismal Science,eng,W.W. Norton,2024-06-22,228,Kinh tế & tài chính,từ khoá,đọc tuần tự,228,thật (Calibre),no
C453,Little Women,Louisa May Alcott,9781524704735,,,,,,1868,yes,no,,,Little Women,eng,Penguin Books,2025-08-30,690,Văn học kinh điển,tác giả,đọc tuần tự,690,thật (Calibre),no
C454,Tribe of Mentors: Short Life Advice From the Best in the World,Timothy Ferriss,9781328994967,,,,,,2017,yes,no,,,Tribe of Mentors: Short Life Advice From the Best in the World,eng,Houghton Mifflin Harcourt,2022-10-02,539,Phát triển bản thân & năng suất,tác giả,đọc tuần tự,539,thật (Calibre),no
C455,Monkey King: Journey to the West,Wu Cheng'en & Gene Luen Yang & Julia Lovell,9781101600979,,,,,,2021,yes,no,,,Monkey King: Journey to the West,eng,Penguin Books,2025-08-25,378,Văn học Trung Quốc,tác giả,đọc tuần tự,378,thật (Calibre),no
C456,Búp Sen Xanh,Sơn Tùng,,,,,,,1981,yes,no,,,Búp Sen Xanh,vie,Nhà xuất bản Phụ Nữ,2025-01-14,281,Văn học & lịch sử Việt Nam,tác giả,đọc tuần tự,281,thật (Calibre),no
C457,The Shortest History of the Dinosaurs,Riley Black,9798893030570,,,,,,2025,yes,no,,,The Shortest History of the Dinosaurs,eng,The Experiment,2025-07-19,173,Khoa học & công nghệ,tựa (ưu tiên),đọc tuần tự,173,thật (Calibre),no
C458,A History of Economic Thought,Lionel Robbins & Lionel Robbins Baron Robbins,9780691070148,,,,,,2000,yes,no,,,A History of Economic Thought,eng,Princeton University Press,2024-08-19,405,Kinh tế & tài chính,từ khoá,đọc tuần tự,405,thật (Calibre),no
C459,Fear and Loathing in Las Vegas: A Savage Journey to the Heart of the American Dream,Hunter S. Thompson,9780307744067,,,,,,2010,yes,no,,,Fear and Loathing in Las Vegas: A Savage Journey to the Heart of the American Dream,eng,Vintage,2022-09-11,181,Văn học đương đại,tác giả,đọc tuần tự,181,thật (Calibre),no
C461,Paradise Lost,John Milton,9780140622447,,,,,,1667,yes,no,,,Paradise Lost,eng,Penguin Books,2025-09-04,916,Văn học kinh điển,tác giả,đọc tuần tự,916,thật (Calibre),no
C462,The Silent Cry,Kenzaburō Ōe,9780802190277,,,,,,1967,yes,no,,,The Silent Cry,eng,Grove Press,2025-05-02,353,Văn học Nhật Bản,tác giả,đọc tuần tự,353,thật (Calibre),no
C463,A Personal Matter,Kenzaburō Ōe,9780802195449,,,,,,1964,yes,no,,,A Personal Matter,eng,Grove Press,2025-05-02,211,Văn học Nhật Bản,tác giả,đọc tuần tự,211,thật (Calibre),no
C464,Hell Yeah or No,Derek Sivers,9781988575063,,,,,,2020,yes,no,,,Hell Yeah or No,eng,Hit Media,2024-09-22,75,Phát triển bản thân & năng suất,tác giả,đọc tuần tự,75,thật (Calibre),no
C465,Career and Family: Women’s Century-Long Journey Toward Equity,Claudia Goldin,9780691201788,,,,,,2021,yes,no,,,Career and Family: Women’s Century-Long Journey Toward Equity,eng,Princeton University Press,2025-02-07,344,Lịch sử,từ khoá,đọc tuần tự,344,thật (Calibre),no
C466,"The Shortest History of Eugenics: From “Science” to Atrocity―How a Dangerous Movement Shaped the World, and Why It Persists",Erik L. Peterson,9781891011887,,,,,,2024,yes,no,,,"The Shortest History of Eugenics: From “Science” to Atrocity―How a Dangerous Movement Shaped the World, and Why It Persists",eng,The Experiment,2024-12-18,244,Lịch sử,từ khoá,đọc tuần tự,244,thật (Calibre),no
C470,"Poetry 101: From Shakespeare and Rupi Kaur to Iambic Pentameter and Blank Verse, Everything You Need to Know About Poetry",Susan Dalzell,9781507208403,,,,,,2018,yes,no,,,"Poetry 101: From Shakespeare and Rupi Kaur to Iambic Pentameter and Blank Verse, Everything You Need to Know About Poetry",eng,Adams Media,2024-07-31,223,Sách nhập môn (101 / Dummies),tựa (ưu tiên),đọc tuần tự,223,thật (Calibre),no
C471,Growth,Daniel Susskind,,,,,,,2024,yes,no,,,Growth,eng,Harvard University Press,2024-12-08,347,Kinh tế & tài chính,tác giả,đọc tuần tự,347,thật (Calibre),no
C472,The Anger of Achilles: Homer's Iliad,Robert Graves,9780795337079,,,,,,1959,yes,no,,,The Anger of Achilles: Homer's Iliad,eng,RosettaBooks,2025-08-28,435,Văn học kinh điển,tác giả,đọc tuần tự,435,thật (Calibre),no
C473,Managerial Economics,William F. Samuelson & Stephen G. Marks,9781118041581,,,,,,1992,yes,no,,,Managerial Economics,eng,Wiley,2024-07-23,824,Kinh tế & tài chính,từ khoá,đọc tuần tự,824,thật (Calibre),no
C474,"House of Debt: How They Caused the Great Recession, and How We Can Prevent It From Happening Again",Atif Mian & Amir Sufi,9780226081946,,,,,,2015,yes,no,,,"House of Debt: How They Caused the Great Recession, and How We Can Prevent It From Happening Again",eng,The University of Chicago Press,2023-03-24,233,Kinh tế & tài chính,tác giả,đọc tuần tự,233,thật (Calibre),no
C475,Why We Sleep: Unlocking the Power of Sleep and Dreams,Matthew Walker,9781501144332,,,,,,2017,yes,no,,,Why We Sleep: Unlocking the Power of Sleep and Dreams,eng,Scribner,2021-11-28,443,Khoa học & công nghệ,tác giả,đọc tuần tự,443,thật (Calibre),no
C476,A Closed and Common Orbit,Becky Chambers,9780062569400,,,,,,2016,yes,no,,,A Closed and Common Orbit,eng,Hodder & Stoughton,2021-05-09,374,Khoa học viễn tưởng,tác giả,đọc tuần tự,374,thật (Calibre),no
C477,"The Galaxy, and the Ground Within",Becky Chambers,9781473647657,,,,,,2021,yes,no,,,"The Galaxy, and the Ground Within",eng,Hodder & Stoughton,2021-05-09,311,Khoa học viễn tưởng,tác giả,đọc tuần tự,311,thật (Calibre),no
C483,Shadows of Treachery,John French,9780857878281,,,,,,2016,yes,no,,,Shadows of Treachery,eng,Black Library,2024-02-27,359,Warhammer 40K,tác giả,đọc tuần tự,359,thật (Calibre),no
C484,Record of a Spaceborn Few,Becky Chambers,9780062699220,,,,,,2018,yes,no,,,Record of a Spaceborn Few,eng,Hodder & Stoughton,2021-05-09,363,Khoa học viễn tưởng,tác giả,đọc tuần tự,363,thật (Calibre),no
C485,Nudge: The Final Edition,Richard H. Thaler & Cass R. Sunstein,9780143137009,,,,,,2021,yes,no,,,Nudge: The Final Edition,eng,Penguin Books,2022-09-03,382,Kinh tế & tài chính,tác giả,đọc tuần tự,382,thật (Calibre),no
C486,Misbehaving: The Making of Behavioral Economics,Richard H. Thaler,9780393246773,,,,,,2015,yes,no,,,Misbehaving: The Making of Behavioral Economics,eng,W.W. Norton,2022-09-03,501,Kinh tế & tài chính,tác giả,đọc tuần tự,501,thật (Calibre),no
C487,The Shortest History of Economics,Andrew Leigh,9781913083755,,,,,,2024,yes,no,,,The Shortest History of Economics,eng,Old Street Publishing,2025-01-14,171,Kinh tế & tài chính,tựa (ưu tiên),đọc tuần tự,171,thật (Calibre),no
C489,Poor Economics,Abhijit V. Banerjee & Esther Duflo,9781610390408,,,,,,2011,yes,no,,,Poor Economics,eng,PublicAffairs,2021-10-17,372,Kinh tế & tài chính,tác giả,đọc tuần tự,372,thật (Calibre),no
C490,Economics 101: From Consumer Behavior to Competitive Markets--Everything You Need to Know About Economics,Alfred Mill,9781440593413,,,,,,2016,yes,no,,,Economics 101: From Consumer Behavior to Competitive Markets--Everything You Need to Know About Economics,eng,Adams Media,2024-07-29,190,Sách nhập môn (101 / Dummies),tựa (ưu tiên),đọc tuần tự,190,thật (Calibre),no
C492,The Evening and the Morning,Ken Follett,9780525954989,,,,,,2020,yes,no,,,The Evening and the Morning,eng,Viking,2021-05-11,933,Tiểu thuyết lịch sử,tác giả,đọc tuần tự,933,thật (Calibre),no
C493,Winter of the World,Ken Follett,9780230710108,,,,,,2012,yes,no,,,Winter of the World,eng,Macmillan,2021-05-11,1176,Tiểu thuyết lịch sử,tác giả,đọc tuần tự,1176,thật (Calibre),no
C494,The Armor of Light,Ken Follett,9781447278863,,,,,,2023,yes,no,,,The Armor of Light,eng,Macmillan,2023-09-28,817,Tiểu thuyết lịch sử,tác giả,đọc tuần tự,817,thật (Calibre),no
C497,How Economics Can Save the World: Simple Ideas to Solve Our Biggest Problems,Erik Angner,9780241502723,,,,,,2023,yes,no,,,How Economics Can Save the World: Simple Ideas to Solve Our Biggest Problems,eng,Penguin Books,2024-06-07,304,Kinh tế & tài chính,từ khoá,đọc tuần tự,304,thật (Calibre),no
C498,Edge of Eternity,Ken Follett,9780230770096,,,,,,2014,yes,no,,,Edge of Eternity,eng,Macmillan,2021-05-11,1442,Tiểu thuyết lịch sử,tác giả,đọc tuần tự,1442,thật (Calibre),no
C501,A Tale of Two Cities,Charles Dickens,9780141933795,,,,,,1859,yes,no,,,A Tale of Two Cities,eng,Penguin Books,2025-08-21,617,Văn học kinh điển,tác giả,đọc tuần tự,617,thật (Calibre),no
C502,A Christmas Carol and Other Christmas Writings,Charles Dickens,9781101487853,,,,,,1843,yes,no,,,A Christmas Carol and Other Christmas Writings,eng,Penguin Books,2025-08-21,336,Văn học kinh điển,tác giả,đọc tuần tự,336,thật (Calibre),no
C503,Great Expectations,Charles Dickens,9780698155992,,,,,,1861,yes,no,,,Great Expectations,eng,Penguin Books,2025-08-30,581,Văn học kinh điển,tác giả,đọc tuần tự,581,thật (Calibre),no
C504,The Pathless Path: Imagining a New Story for Work and Life,Paul Millerd,9798985515336,,,,,,2022,yes,no,,,The Pathless Path: Imagining a New Story for Work and Life,eng,Paul Millerd,2023-04-14,204,Phát triển bản thân & năng suất,tác giả,đọc tuần tự,204,thật (Calibre),no
C505,"American Lit 101: From Nathaniel Hawthorne to Harper Lee and Naturalism to Magical Realism, an Essential Guide to American Writers and Works",Brianne Keith,9781440599682,,,,,,2017,yes,no,,,"American Lit 101: From Nathaniel Hawthorne to Harper Lee and Naturalism to Magical Realism, an Essential Guide to American Writers and Works",eng,Adams Media,2024-07-29,182,Sách nhập môn (101 / Dummies),tựa (ưu tiên),đọc tuần tự,182,thật (Calibre),no
C506,Jujutsu Kaisen: Thorny Road at Dawn,Ballad Kitaguni,9781974738472,,,,,,2020,yes,no,,,Jujutsu Kaisen: Thorny Road at Dawn,eng,VIZ Media,2025-07-20,130,Tiểu thuyết tie-in (game khác),tựa (ưu tiên),đọc tuần tự,130,thật (Calibre),no
C507,"Jujutsu Kaisen: Summer of Ashes, Autumn of Dust",Ballad Kitaguni,9781974735921,,,,,,2019,yes,no,,,"Jujutsu Kaisen: Summer of Ashes, Autumn of Dust",eng,VIZ Media,2025-07-20,130,Tiểu thuyết tie-in (game khác),tựa (ưu tiên),đọc tuần tự,130,thật (Calibre),no
C509,The Catcher in the Rye,J. D. Salinger,9780241988794,,,,,,1951,yes,no,,,The Catcher in the Rye,eng,Penguin,2025-09-04,222,Văn học kinh điển,tác giả,đọc tuần tự,222,thật (Calibre),no
C510,Steering the Craft: A Twenty-First-Century Guide to Sailing the Sea of Story,Ursula K. le Guin,,,,,,,1998,yes,no,,,Steering the Craft: A Twenty-First-Century Guide to Sailing the Sea of Story,eng,Harper Perennial,2025-08-03,124,Fantasy,tác giả,đọc tuần tự,124,thật (Calibre),no
C511,Churchill: Walking With Destiny,Andrew Roberts,9780241205648,,,,,,2018,yes,no,,,Churchill: Walking With Destiny,eng,Allen Lane,2021-05-11,1389,Tiểu sử & hồi ký,tác giả,đọc tuần tự,1389,thật (Calibre),no
C512,A Wizard of Earthsea,Ursula K. le Guin,9780547851396,,,,,,2012,yes,no,,,A Wizard of Earthsea,eng,Houghton Mifflin Harcourt,2023-09-14,212,Fantasy,tác giả,đọc tuần tự,212,thật (Calibre),no
C514,"Art 101: From Vincent Van Gogh to Andy Warhol, Key People, Ideas, and Moments in the History of Art",Eric Grzymkowski,9781440571541,,,,,,2013,yes,no,,,"Art 101: From Vincent Van Gogh to Andy Warhol, Key People, Ideas, and Moments in the History of Art",eng,Adams Media,2024-07-28,197,Sách nhập môn (101 / Dummies),tựa (ưu tiên),đọc tuần tự,197,thật (Calibre),no
C515,The Penguin Complete Sherlock Holmes,Arthur Conan Doyle,9780141931814,,,,,,1927,yes,no,,,The Penguin Complete Sherlock Holmes,eng,Penguin Books,2025-08-30,2150,Trinh thám & ly kỳ,tác giả,đọc tuần tự,2150,thật (Calibre),no
C516,From the Wizarding Archive: Curated Writing From the World of Harry Potter,J. K. Rowling,9781789392319,,,,,,2024,yes,no,,,From the Wizarding Archive: Curated Writing From the World of Harry Potter,eng,Pottermore,2024-09-04,236,Fantasy,tác giả,đọc tuần tự,236,thật (Calibre),no
C517,The Dispossessed,Ursula K. le Guin,9780061796883,,,,,,2009,yes,no,,,The Dispossessed,eng,HarperCollins,2022-09-18,402,Fantasy,tác giả,đọc tuần tự,402,thật (Calibre),no
C518,The Casual Vacancy,J. K. Rowling,9780316228558,,,,,,2012,yes,no,,,The Casual Vacancy,eng,"Little, Brown",2021-05-09,596,Fantasy,tác giả,đọc tuần tự,596,thật (Calibre),no
C519,The Hogwarts Collection,J. K. Rowling,9781781108383,,,,,,2017,yes,no,,,The Hogwarts Collection,eng,Pottermore,2021-05-09,111,Fantasy,tác giả,đọc tuần tự,111,thật (Calibre),no
C521,Đi Trốn,Bình Ca,,,,,,,2020,yes,no,,,Đi Trốn,vie,Nhà xuất bản Hội Nhà Văn,2024-03-19,223,Văn học & lịch sử Việt Nam,tác giả,đọc tuần tự,223,thật (Calibre),no
C523,"Ultralearning: Accelerate Your Career, Master Hard Skills and Outsmart the Competition",Scott H. Young,9780062852748,,,,,,2019,yes,no,,,"Ultralearning: Accelerate Your Career, Master Hard Skills and Outsmart the Competition",eng,Harper Business,2023-04-05,289,Phát triển bản thân & năng suất,tác giả,đọc tuần tự,289,thật (Calibre),no
C524,Keeping at It: The Quest for Sound Money and Good Government,Paul A. Volcker & Christine Harper,9781541788312,,,,,,2018,yes,no,,,Keeping at It: The Quest for Sound Money and Good Government,eng,PublicAffairs,2023-03-25,364,Kinh tế & tài chính,từ khoá,đọc tuần tự,364,thật (Calibre),no
C525,The Hogwarts Library Collection,J. K. Rowling,9781781109236,,,,,,2012,yes,no,,,The Hogwarts Library Collection,eng,Pottermore,2021-05-09,152,Fantasy,tác giả,đọc tuần tự,152,thật (Calibre),no
C526,"A Man of Two Faces: A Memoir, a History, a Memorial",Viet Thanh Nguyen,9780802160515,,,,,,2023,yes,no,,,"A Man of Two Faces: A Memoir, a History, a Memorial",eng,Grove Press,2024-02-17,322,Văn học đương đại,tác giả,đọc tuần tự,322,thật (Calibre),no
C527,Nothing Ever Dies: Vietnam and the Memory of War,Viet Thanh Nguyen,9780674660342,,,,,,2016,yes,no,,,Nothing Ever Dies: Vietnam and the Memory of War,eng,Harvard University Press,2024-02-17,334,Văn học đương đại,tác giả,đọc tuần tự,334,thật (Calibre),no
C529,The Committed,Viet Thanh Nguyen,9780802157089,,,,,,2021,yes,no,,,The Committed,eng,Grove Press,2024-02-17,398,Văn học đương đại,tác giả,đọc tuần tự,398,thật (Calibre),no
C530,Scarcity: Why Having Too Little Means So Much,Sendhil Mullainathan & Eldar Shafir,9781429943451,,,,,,2013,yes,no,,,Scarcity: Why Having Too Little Means So Much,eng,Times Books,2023-01-21,305,Tâm lý & hành vi,tác giả,đọc tuần tự,305,thật (Calibre),no
C531,The Mayor of Casterbridge,Thomas Hardy,9780141908069,,,,,,2003,yes,no,,,The Mayor of Casterbridge,eng,Penguin Books,2025-08-20,523,Văn học kinh điển,tác giả,đọc tuần tự,523,thật (Calibre),no
C532,The Aeneid,Virgil,9780143106296,,,,,,2010,yes,no,,,The Aeneid,eng,Penguin Books,2025-09-04,513,Văn học kinh điển,tác giả,đọc tuần tự,513,thật (Calibre),no
C533,The Displaced: Refugee Writers on Refugee Lives,Viet Thanh Nguyen,9781419729485,,,,,,2018,yes,no,,,The Displaced: Refugee Writers on Refugee Lives,eng,Abram Press,2024-02-17,142,Văn học đương đại,tác giả,đọc tuần tự,142,thật (Calibre),no
C534,Free Market: The History of an Idea,Jacob Soll,9780465049707,,,,,,2022,yes,no,,,Free Market: The History of an Idea,eng,Basic Books,2024-06-07,299,Kinh tế & tài chính,từ khoá,đọc tuần tự,299,thật (Calibre),no
C535,Thing Explainer: Complicated Stuff in Simple Words,Randall Munroe,9780544668256,,,,,,2015,yes,no,,,Thing Explainer: Complicated Stuff in Simple Words,eng,Houghton Mifflin Harcourt,2023-03-24,560,Khoa học & công nghệ,tác giả,đọc tuần tự,560,thật (Calibre),no
C536,The Ride of a Lifetime: Lessons Learned From 15 Years as CEO of the Walt Disney Company,Robert Iger,9780399592096,,,,,,2019,yes,no,,,The Ride of a Lifetime: Lessons Learned From 15 Years as CEO of the Walt Disney Company,eng,Random House,2022-09-03,250,Kinh doanh & quản trị,tác giả,đọc tuần tự,250,thật (Calibre),no
C537,Murtagh: The World of Eragon,Christopher Paolini,9786555952322,,,,,,2023,yes,no,,,Murtagh: The World of Eragon,eng,Alfred A. Knoff,2023-12-02,812,Fantasy,tác giả,đọc tuần tự,812,thật (Calibre),no
C539,Brisingr,Christopher Paolini,9780375893568,,,,,,2009,yes,no,,,Brisingr,eng,Alfred A. Knoff,2023-12-02,864,Fantasy,tác giả,đọc tuần tự,864,thật (Calibre),no
C540,Inheritance,Christopher Paolini,9780307974181,,,,,,2011,yes,no,,,Inheritance,eng,Alfred A. Knoff,2023-12-02,972,Fantasy,tác giả,đọc tuần tự,972,thật (Calibre),no
C541,Eragon,Christopher Paolini,9780375890369,,,,,,2003,yes,no,,,Eragon,eng,Alfred A. Knoff,2023-03-17,549,Fantasy,tác giả,đọc tuần tự,549,thật (Calibre),no
C542,Tắt đèn,Ngô Tất Tố,9786044913100,,,,,,2024,yes,no,,,Tắt đèn,vie,Nhà xuất bản Văn học,2024-12-16,128,Văn học & lịch sử Việt Nam,tác giả,đọc tuần tự,128,thật (Calibre),no
C543,Economics in One Lesson,Henry Hazlitt,9780307760623,,,,,,2010,yes,no,,,Economics in One Lesson,eng,Three Rivers Press,2024-05-06,193,Kinh tế & tài chính,từ khoá,đọc tuần tự,193,thật (Calibre),no
C544,Eldest,Christopher Paolini,9780375840449,,,,,,2006,yes,no,,,Eldest,eng,Alfred A. Knoff,2023-03-17,798,Fantasy,tác giả,đọc tuần tự,798,thật (Calibre),no
C545,To Sleep in a Sea of Stars,Christopher Paolini,9781250762900,,,,,,2020,yes,no,,,To Sleep in a Sea of Stars,eng,Alfred A. Knoff,2023-03-17,1172,Fantasy,tác giả,đọc tuần tự,1172,thật (Calibre),no
C546,"The Call of the Wild, White Fang, and Other Stories",Jack London,9780199538898,,,,,,1903,yes,no,,,"The Call of the Wild, White Fang, and Other Stories",eng,Oxford University Press,2024-07-12,428,Văn học kinh điển,tác giả,đọc tuần tự,428,thật (Calibre),no
C547,Isaac Newton,James Gleick,9780307426437,,,,,,2003,yes,no,,,Isaac Newton,eng,Vintage,2021-05-08,233,Tiểu sử & hồi ký,tác giả,đọc tuần tự,233,thật (Calibre),no
C548,"Visual Thinking: The Hidden Gifts of People Who Think in Pictures, Patterns, and Abstractions",Temple Grandin,9780593418369,,,,,,2022,yes,no,,,"Visual Thinking: The Hidden Gifts of People Who Think in Pictures, Patterns, and Abstractions",eng,Riverhead Books,2023-03-24,432,Tâm lý & hành vi,từ khoá,đọc tuần tự,432,thật (Calibre),no
C549,Why Do Buses Come in Threes? The Hidden Mathematics of Everyday Life,Rob Eastaway,9781861058621,,,,,,2000,yes,no,,,Why Do Buses Come in Threes? The Hidden Mathematics of Everyday Life,eng,Pavilion,2023-08-31,180,Khoa học & công nghệ,tác giả,đọc tuần tự,180,thật (Calibre),no
C550,Capital in the Twenty-First Century,Thomas Piketty,9780674430006,,,,,,2013,yes,no,,,Capital in the Twenty-First Century,eng,Harvard University Press,2021-05-08,869,Kinh tế & tài chính,tác giả,đọc tuần tự,869,thật (Calibre),no
C551,"Free Time: Lose the Busywork, Love Your Business",Jenny Blake,9781646870660,,,,,,2022,yes,no,,,"Free Time: Lose the Busywork, Love Your Business",eng,Ideapress,2023-09-27,245,Kinh doanh & quản trị,từ khoá,đọc tuần tự,245,thật (Calibre),no
C552,Blackshirts and Reds,Michael Parenti,9780872863293,,,,,,2020,yes,no,,,Blackshirts and Reds,eng,City Lights Books,2022-09-10,192,Chính trị & xã hội,tác giả,đọc tuần tự,192,thật (Calibre),no
C553,Greek Tragedy,Aeschylus & Euripides & Sophocles,9780141439365,,,,,,1988,yes,no,,,Greek Tragedy,eng,Penguin Books,2025-08-28,498,Văn học kinh điển,tác giả,đọc tuần tự,498,thật (Calibre),no
C554,Make Time: How to Focus on What Matters Every Day,Jake Knapp & John Zeratsky,9780525572428,,,,,,2018,yes,no,,,Make Time: How to Focus on What Matters Every Day,eng,Currency,2021-05-08,187,Phát triển bản thân & năng suất,từ khoá,đọc tuần tự,187,thật (Calibre),no
C555,Capital and Ideology,Thomas Piketty,9780674980822,,,,,,2019,yes,no,,,Capital and Ideology,eng,Harvard University Press,2021-05-11,1372,Kinh tế & tài chính,tác giả,đọc tuần tự,1372,thật (Calibre),no
C556,The Tale of the Heike,Royall Tyler,9781101601099,,,,,,2014,yes,no,,,The Tale of the Heike,eng,Penguin Books,2023-12-08,1269,Văn học kinh điển,tác giả,đọc tuần tự,1269,thật (Calibre),no
C557,Macbeth,William Shakespeare,9780143128564,,,,,,2016,yes,no,,,Macbeth,eng,Penguin Books,2025-08-20,252,Văn học kinh điển,tác giả,đọc tuần tự,252,thật (Calibre),no
C558,The Odyssey (Penguin Classics),Homer; Robert Fagles (Translator); Bernard M.W. Knox (Introduction),9780140449952,,,,,,2010,yes,no,,,The Odyssey (Penguin Classics),eng,Penguin Books,2025-08-28,688,Văn học kinh điển,tác giả,đọc tuần tự,688,thật (Calibre),no
C560,A Little History of Mathematics,Snezana Lawrence,9780300283594,,,,,,2025,yes,no,,,A Little History of Mathematics,eng,Yale University Press,2025-07-05,303,Lịch sử,từ khoá,đọc tuần tự,303,thật (Calibre),no
C561,The Daily Stoic Journal: 366 Days of Writing and Reflection on the Art of Living,Ryan Holiday & Stephen Hanselman,9780735211735,,,,,,2017,yes,no,,,The Daily Stoic Journal: 366 Days of Writing and Reflection on the Art of Living,eng,Portfolio/Penguin,2022-09-08,287,Phát triển bản thân & năng suất,tác giả,đọc tuần tự,287,thật (Calibre),no
C562,Stillness Is the Key,Ryan Holiday,9780525538592,,,,,,2019,yes,no,,,Stillness Is the Key,eng,Portfolio/Penguin,2024-06-17,203,Phát triển bản thân & năng suất,tác giả,đọc tuần tự,203,thật (Calibre),no
C563,Courage Is Calling: Fortune Favors the Brave,Ryan Holiday,9780593191675,,,,,,2021,yes,no,,,Courage Is Calling: Fortune Favors the Brave,eng,Portfolio/Penguin,2022-09-08,209,Phát triển bản thân & năng suất,tác giả,đọc tuần tự,209,thật (Calibre),no
C565,Lives of the Stoics: The Art of Living From Zeno to Marcus Aurelius,Ryan Holiday & Stephen Hanselman,9781782835509,,,,,,2020,yes,no,,,Lives of the Stoics: The Art of Living From Zeno to Marcus Aurelius,eng,Portfolio/Penguin,2024-06-17,302,Phát triển bản thân & năng suất,tác giả,đọc tuần tự,302,thật (Calibre),no
C566,"Economics, Global Edition",Glenn Hubbard & Anthony Obrien,9781292430645,,,,,,2022,yes,no,,,"Economics, Global Edition",eng,Pearson,2023-01-24,1145,Giáo trình,loại,giáo trình,1145,thật (Calibre),no
C567,Ego Is the Enemy,Ryan Holiday,9781591847816,,,,,,2016,yes,no,,,Ego Is the Enemy,eng,Portfolio/Penguin,2022-09-08,177,Phát triển bản thân & năng suất,tác giả,đọc tuần tự,177,thật (Calibre),no
C568,Discipline Is Destiny,Ryan Holiday,9780593191699,,,,,,2022,yes,no,,,Discipline Is Destiny,eng,Portfolio/Penguin,2022-10-08,240,Phát triển bản thân & năng suất,tác giả,đọc tuần tự,240,thật (Calibre),no
C569,American Prometheus: The Triumph and Tragedy of J. Robert Oppenheimer,Kai Bird & Martin J. Sherwin,9780307424730,,,,,,2021,yes,no,,,American Prometheus: The Triumph and Tragedy of J. Robert Oppenheimer,eng,Vintage,2023-09-17,1044,Tiểu sử & hồi ký,tác giả,đọc tuần tự,1044,thật (Calibre),no
C571,The Book Thief,Markus Zusak,9780307433848,,,,,,2005,yes,no,,,The Book Thief,eng,Alfred A. Knoff,2021-05-09,322,Tiểu thuyết lịch sử,tác giả,đọc tuần tự,322,thật (Calibre),no
C572,"Identity Economics: How Our Identities Shape Our Work, Wages, and Well-Being",George A. Akerlof & Rachel E. Kranton,9780691146485,,,,,,2010,yes,no,,,"Identity Economics: How Our Identities Shape Our Work, Wages, and Well-Being",eng,Princeton University Press,2023-03-24,210,Kinh tế & tài chính,tác giả,đọc tuần tự,210,thật (Calibre),no
C573,"Philosophy 101: From Plato and Socrates to Ethics and Metaphysics, an Essential Primer on the History of Thought",Paul Kleinman,9781440567681,,,,,,2013,yes,no,,,"Philosophy 101: From Plato and Socrates to Ethics and Metaphysics, an Essential Primer on the History of Thought",eng,Adams Media,2024-07-28,201,Sách nhập môn (101 / Dummies),tựa (ưu tiên),đọc tuần tự,201,thật (Calibre),no
C574,"Psych 101: Psychology Facts, Basics, Statistics, Tests, and More!",Paul Kleinman,9781440543937,,,,,,2012,yes,no,,,"Psych 101: Psychology Facts, Basics, Statistics, Tests, and More!",eng,Adams Media,2024-07-30,172,Sách nhập môn (101 / Dummies),tựa (ưu tiên),đọc tuần tự,172,thật (Calibre),no
C575,Doing Economics: Empirical Projects,The CORE team,,,,,,,2020,yes,no,,,Doing Economics: Empirical Projects,eng,CORE,2025-07-31,905,Giáo trình,tác giả,giáo trình,905,thật (Calibre),no
C576,"Economy, Society, and Public Policy",The CORE team,,,,,,,2019,yes,no,,,"Economy, Society, and Public Policy",eng,CORE,2025-07-31,741,Giáo trình,tác giả,giáo trình,741,thật (Calibre),no
C577,Experiencing Economics: Cover,The CORE team,,,,,,,2025,yes,no,,,Experiencing Economics: Cover,eng,CORE,2025-07-31,197,Giáo trình,tác giả,giáo trình,197,thật (Calibre),no
C578,"Microeconomics: Actors, institutions, and outcomes",The CORE team,,,,,,,2018,yes,no,,,"Microeconomics: Actors, institutions, and outcomes",eng,CORE,2025-02-07,810,Giáo trình,tác giả,giáo trình,810,thật (Calibre),no
C579,Phishing for Phools,George A. Akerlof,9780691168319,,,,,,2015,yes,no,,,Phishing for Phools,eng,Princeton University Press,2021-05-08,389,Kinh tế & tài chính,tác giả,đọc tuần tự,389,thật (Calibre),no
C580,How to Win Friends & Influence People,Dale Carnegie,9780671027032,,,,,,1998,yes,no,,,How to Win Friends & Influence People,eng,Pocket Books,2024-08-02,258,Phát triển bản thân & năng suất,tác giả,đọc tuần tự,258,thật (Calibre),no
C581,"Animal Spirits: How Human Psychology Drives the Economy, and Why It Matters for Global Capitalism",George A. Akerlof & Robert J. Shiller,9780691145921,,,,,,2010,yes,no,,,"Animal Spirits: How Human Psychology Drives the Economy, and Why It Matters for Global Capitalism",eng,Princeton University Press,2023-03-24,350,Kinh tế & tài chính,tác giả,đọc tuần tự,350,thật (Calibre),no
C582,Advanced Microeconomic Theory,Geoffrey A. Jehle & Philip J. Reny,9780273731917,,,,,,2011,yes,no,,,Advanced Microeconomic Theory,eng,Prentice Hall,2023-03-23,673,Giáo trình,tác giả,giáo trình,673,thật (Calibre),no
C583,How to Win Friends and Influence People in the Digital Age,Dale Carnegie,9781451612578,,,,,,2011,yes,no,,,How to Win Friends and Influence People in the Digital Age,eng,Simon and Schuster,2022-10-10,224,Phát triển bản thân & năng suất,tác giả,đọc tuần tự,224,thật (Calibre),no
C584,The Notebook: A History of Thinking on Paper,Roland Allen,9781771966290,,,,,,2023,yes,no,,,The Notebook: A History of Thinking on Paper,eng,Biblioasis,2024-11-05,421,Lịch sử,từ khoá,đọc tuần tự,421,thật (Calibre),no
C585,The Art of Public Speaking,Dale Carnegie,9781945186486,,,,,,2018,yes,no,,,The Art of Public Speaking,eng,Clydesdale Press,2022-10-10,531,Phát triển bản thân & năng suất,tác giả,đọc tuần tự,531,thật (Calibre),no
C586,Same as Ever: A Guide to What Never Changes,Morgan Housel,9780593332702,,,,,,2023,yes,no,,,Same as Ever: A Guide to What Never Changes,eng,Portfolio/Penguin,2023-12-02,212,Kinh tế & tài chính,tác giả,đọc tuần tự,212,thật (Calibre),no
C587,Thủy Hử,Thi Nại Am,,,,,,,2018,yes,no,,,Thủy Hử,vie,Nhà xuất bản Văn học,2024-03-19,1528,Văn học Trung Quốc,tác giả,đọc tuần tự,1528,thật (Calibre),no
C588,A Little History of Religion,Richard Holloway,9780300208832,,,,,,2016,yes,no,,,A Little History of Religion,eng,Yale University Press,2025-01-16,258,Lịch sử,từ khoá,đọc tuần tự,258,thật (Calibre),no
C589,Tiamat's Wrath,James S. A. Corey,9780356510330,,,,,,2019,yes,no,,,Tiamat's Wrath,eng,Orbit,2021-10-03,570,Khoa học viễn tưởng,tác giả,đọc tuần tự,570,thật (Calibre),no
C590,Persepolis Rising,James S. A. Corey,9780316332835,,,,,,2017,yes,no,,,Persepolis Rising,eng,Orbit,2021-10-03,590,Khoa học viễn tưởng,tác giả,đọc tuần tự,590,thật (Calibre),no
C591,Babylon's Ashes,James S. A. Corey,9780316334747,,,,,,2016,yes,no,,,Babylon's Ashes,eng,Orbit,2021-10-03,570,Khoa học viễn tưởng,tác giả,đọc tuần tự,570,thật (Calibre),no
C592,Livesuit,James S. A. Corey,9780356526379,,,,,,2024,yes,no,,,Livesuit,eng,Orbit,2025-08-10,74,Khoa học viễn tưởng,tác giả,đọc tuần tự,74,thật (Calibre),no
C593,Leviathan Falls,James S. A. Corey,9780356510378,,,,,,2021,yes,no,,,Leviathan Falls,eng,Orbit,2022-05-09,574,Khoa học viễn tưởng,tác giả,đọc tuần tự,574,thật (Calibre),no
C594,Caliban's War,James S. A. Corey,9781841499901,,,,,,2012,yes,no,,,Caliban's War,eng,Orbit,2021-10-03,624,Khoa học viễn tưởng,tác giả,đọc tuần tự,624,thật (Calibre),no
C595,The Mercy of Gods,James S. A. Corey,9780316525572,,,,,,2024,yes,no,,,The Mercy of Gods,eng,Orbit,2024-08-06,431,Khoa học viễn tưởng,tác giả,đọc tuần tự,431,thật (Calibre),no
C596,Cibola Burn,James S. A. Corey,9780316217606,,,,,,2014,yes,no,,,Cibola Burn,eng,Orbit,2021-10-03,627,Khoa học viễn tưởng,tác giả,đọc tuần tự,627,thật (Calibre),no
C597,Abaddon's Gate,James S. A. Corey,9780316235426,,,,,,2013,yes,no,,,Abaddon's Gate,eng,Orbit,2021-10-03,611,Khoa học viễn tưởng,tác giả,đọc tuần tự,611,thật (Calibre),no
C598,Nemesis Games,James S. A. Corey,9780316217590,,,,,,2015,yes,no,,,Nemesis Games,eng,Orbit,2021-10-03,569,Khoa học viễn tưởng,tác giả,đọc tuần tự,569,thật (Calibre),no
C599,Introduction to Econometrics,James H. Stock & Mark W. Watson,9781292264455,,,,,,2019,yes,no,,,Introduction to Econometrics,eng,Pearson,2022-06-13,801,Giáo trình,loại,giáo trình,801,thật (Calibre),no
C601,English Grammar in Use,Raymond Murphy,9781316631744,,,,,,2019,yes,no,,,English Grammar in Use,eng,Cambridge University Press,2022-05-19,394,Giáo trình,tác giả,giáo trình,394,thật (Calibre),no
C602,Workbook for Principles of Microeconomics,Martin Kolmar & Magnus Hoffmann,9783030877279,,,,,,2022,yes,no,,,Workbook for Principles of Microeconomics,eng,Springer,2023-11-29,314,Giáo trình,loại,giáo trình,314,thật (Calibre),no
C603,Principles of Microeconomics: An Integrative Approach,Martin Kolmar,9783030781668,,,,,,2021,yes,no,,,Principles of Microeconomics: An Integrative Approach,eng,Springer,2023-11-29,500,Giáo trình,loại,giáo trình,500,thật (Calibre),no
C604,Basic Economics,Thomas Sowell,9780465056842,,,,,,2023,yes,no,,,Basic Economics,eng,Basic Books,2024-05-10,745,Kinh tế & tài chính,từ khoá,đọc tuần tự,745,thật (Calibre),no
C605,A Room of One's Own and Three Guineas,Virginia Woolf,9780141933429,,,,,,2000,yes,no,,,A Room of One's Own and Three Guineas,eng,Penguin Books,2025-08-30,400,Văn học kinh điển,tác giả,đọc tuần tự,400,thật (Calibre),no
C606,Edible Economics: A Hungry Economist Explains the World,Ha-Joon Chang,9781541700543,,,,,,2023,yes,no,,,Edible Economics: A Hungry Economist Explains the World,eng,PublicAffairs,2023-12-01,202,Kinh tế & tài chính,tác giả,đọc tuần tự,202,thật (Calibre),no
C607,Kicking Away the Ladder: Development Strategy in Historical Perspective,Ha-Joon Chang,9781843310273,,,,,,2002,yes,no,,,Kicking Away the Ladder: Development Strategy in Historical Perspective,eng,Anthem Press,2024-06-18,98,Kinh tế & tài chính,tác giả,đọc tuần tự,98,thật (Calibre),no
C609,23 Things They Don't Tell You About Capitalism,Ha-Joon Chang,9780141957869,,,,,,2010,yes,no,,,23 Things They Don't Tell You About Capitalism,eng,Allen Lane,2021-05-08,299,Kinh tế & tài chính,tác giả,đọc tuần tự,299,thật (Calibre),no
C610,Buy Back Your Time,Dan Martell,9780593422977,,,,,,2023,yes,no,,,Buy Back Your Time,eng,Portfolio/Penguin,2025-07-06,270,Kinh doanh & quản trị,tác giả,đọc tuần tự,270,thật (Calibre),no
C611,The War of the World: History's Age of Hatred,Niall Ferguson,9780141901688,,,,,,2006,yes,no,,,The War of the World: History's Age of Hatred,eng,Penguin Books,2021-10-20,906,Kinh tế & tài chính,tác giả,đọc tuần tự,906,thật (Calibre),no
C612,Virtual History: Alternatives and Counterfactuals,Niall Ferguson,9780465023233,,,,,,1997,yes,no,,,Virtual History: Alternatives and Counterfactuals,eng,Basic Books,2021-10-20,591,Kinh tế & tài chính,tác giả,đọc tuần tự,591,thật (Calibre),no
C614,Colossus: The Rise and Fall of the American Empire,Niall Ferguson,9780241958728,,,,,,2004,yes,no,,,Colossus: The Rise and Fall of the American Empire,eng,Penguin Books,2021-10-20,474,Kinh tế & tài chính,tác giả,đọc tuần tự,474,thật (Calibre),no
C615,Empire: How Britain Made the Modern World,Niall Ferguson,9780241958513,,,,,,2002,yes,no,,,Empire: How Britain Made the Modern World,eng,Penguin Books,2021-10-20,460,Kinh tế & tài chính,tác giả,đọc tuần tự,460,thật (Calibre),no
C616,"The Square and the Tower: Networks and Power, From the Freemasons to Facebook",Niall Ferguson,9780735222915,,,,,,2017,yes,no,,,"The Square and the Tower: Networks and Power, From the Freemasons to Facebook",eng,Penguin Press,2021-10-19,693,Kinh tế & tài chính,tác giả,đọc tuần tự,693,thật (Calibre),no
C617,The Shortest History of Democracy,John Keane,9781760642563,,,,,,2022,yes,no,,,The Shortest History of Democracy,eng,Black Inc.,2024-02-12,201,Lịch sử,từ khoá,đọc tuần tự,201,thật (Calibre),no
C618,A Little Book of Language,David Crystal,9780300155334,,,,,,2010,yes,no,,,A Little Book of Language,eng,Yale University Press,2025-01-02,252,Khoa học & công nghệ,tác giả,đọc tuần tự,252,thật (Calibre),no
C619,The Pity of War,Niall Ferguson,9780141975832,,,,,,1998,yes,no,,,The Pity of War,eng,Penguin Books,2021-10-20,826,Kinh tế & tài chính,tác giả,đọc tuần tự,826,thật (Calibre),no
C620,The Republic of Thieves,Scott Lynch,9780553804690,,,,,,2014,yes,no,,,The Republic of Thieves,eng,Del Rey,2022-09-11,835,Fantasy,tác giả,đọc tuần tự,835,thật (Calibre),no
C621,Red Seas Under Red Skies,Scott Lynch,9780553588958,,,,,,2008,yes,no,,,Red Seas Under Red Skies,eng,Del Rey,2022-09-11,826,Fantasy,tác giả,đọc tuần tự,826,thật (Calibre),no
C622,The Lies of Locke Lamora,Scott Lynch,9780553902716,,,,,,2007,yes,no,,,The Lies of Locke Lamora,eng,Del Rey,2022-09-11,661,Fantasy,tác giả,đọc tuần tự,661,thật (Calibre),no
C630,Intermediate Microeconomics With Calculus: A Modern Approach: Media Update,Hal R. Varian,9780393690002,,,,,,2019,yes,no,,,Intermediate Microeconomics With Calculus: A Modern Approach: Media Update,eng,W.W. Norton,2024-07-21,833,Giáo trình,loại,giáo trình,833,thật (Calibre),no
C632,Intermediate Microeconomics With Calculus,Hal R. Varian,9780393923940,,,,,,2014,yes,no,,,Intermediate Microeconomics With Calculus,eng,W.W. Norton,2022-10-11,827,Giáo trình,loại,giáo trình,827,thật (Calibre),no
C633,The Art of War,Sun Tzu,,,,,,,2008,yes,no,,,The Art of War,eng,Penguin Books,2025-08-27,99,Lịch sử,từ khoá,đọc tuần tự,99,thật (Calibre),no
C634,Ahead of the Curve: Two Years at Harvard Business School,Philip Delves Broughton,9781440629624,,,,,,2008,yes,no,,,Ahead of the Curve: Two Years at Harvard Business School,eng,Penguin Press,2023-03-25,237,Kinh doanh & quản trị,từ khoá,đọc tuần tự,237,thật (Calibre),no
C635,The Lessons of History,Will Durant,9781439170199,,,,,,1968,yes,no,,,The Lessons of History,eng,Simon and Schuster,2022-05-17,120,Lịch sử,tác giả,đọc tuần tự,120,thật (Calibre),no
C636,The Rise of the Creative Class,Richard Florida,9780465029938,,,,,,2019,yes,no,,,The Rise of the Creative Class,eng,Basic Books,2023-03-25,513,Chính trị & xã hội,tác giả,đọc tuần tự,513,thật (Calibre),no
C638,The Complete Story of Civilization,Will Durant,9781451647686,,,,,,2014,yes,no,,,The Complete Story of Civilization,eng,Simon and Schuster,2022-05-17,17159,Lịch sử,tác giả,bộ trọn (đọc theo tập),17159,thật (Calibre),yes
C640,Talking to Strangers,Malcolm Gladwell,9780316535625,,,,,,2019,yes,no,,,Talking to Strangers,eng,"Little, Brown",2021-05-11,329,Tâm lý & hành vi,tác giả,đọc tuần tự,329,thật (Calibre),no
C641,"David and Goliath: Underdogs, Misfits, and the Art of Battling Giants",Malcolm Gladwell,9780316204385,,,,,,2013,yes,no,,,"David and Goliath: Underdogs, Misfits, and the Art of Battling Giants",eng,"Little, Brown",2023-05-05,259,Tâm lý & hành vi,tác giả,đọc tuần tự,259,thật (Calibre),no
C643,The Bomber Mafia,Malcolm Gladwell,9780316296939,,,,,,2021,yes,no,,,The Bomber Mafia,eng,"Little, Brown",2021-11-23,162,Tâm lý & hành vi,tác giả,đọc tuần tự,162,thật (Calibre),no
C644,"Revenge of the Tipping Point: Overstories, Superspreaders, and the Rise of Social Engineering",Malcolm Gladwell,9780316575805,,,,,,2024,yes,no,,,"Revenge of the Tipping Point: Overstories, Superspreaders, and the Rise of Social Engineering",eng,"Little, Brown",2024-10-03,308,Tâm lý & hành vi,tác giả,đọc tuần tự,308,thật (Calibre),no
C647,What the Dog Saw: And Other Adventures,Malcolm Gladwell,9781846142772,,,,,,2009,yes,no,,,What the Dog Saw: And Other Adventures,eng,"Little, Brown",2023-05-05,370,Tâm lý & hành vi,tác giả,đọc tuần tự,370,thật (Calibre),no
C648,Hyperfocus: How to Be More Productive in a World of Distraction,Chris Bailey,9780525522249,,,,,,2018,yes,no,,,Hyperfocus: How to Be More Productive in a World of Distraction,eng,Viking,2022-04-22,242,Phát triển bản thân & năng suất,tác giả,đọc tuần tự,242,thật (Calibre),no
C650,Numbers Don't Lie: 71 Things You Need to Know About the World,Vaclav Smil,9780241989708,,,,,,2020,yes,no,,,Numbers Don't Lie: 71 Things You Need to Know About the World,eng,Penguin Books,2022-09-03,241,Khoa học & công nghệ,tác giả,đọc tuần tự,241,thật (Calibre),no
C651,Fifty Major Economists,Steven Pressman,9780415645089,,,,,,2013,yes,no,,,Fifty Major Economists,eng,Routledge,2024-08-20,352,Kinh tế & tài chính,từ khoá,đọc tuần tự,352,thật (Calibre),no
C652,Tâm Lý Dân Tộc An Nam,Paul Giran,,,,,,,2019,yes,no,,,Tâm Lý Dân Tộc An Nam,vie,Nhà xuất bản Hội Nhà Văn,2024-03-19,177,Văn học & lịch sử Việt Nam,tác giả,đọc tuần tự,177,thật (Calibre),no
C653,How to Calm Your Mind: Finding Presence and Productivity in Anxious Times,Chris Bailey,9780593298510,,,,,,2022,yes,no,,,How to Calm Your Mind: Finding Presence and Productivity in Anxious Times,eng,Viking,2023-01-24,296,Phát triển bản thân & năng suất,tác giả,đọc tuần tự,296,thật (Calibre),no
C654,The Earth and Its Peoples: A Global History,Richard Bulliet & Pamela Crossley & Daniel Headrick & Steven Hirsch & Lyman Johnson,9781337401470,,,,,,2018,yes,no,,,The Earth and Its Peoples: A Global History,eng,Cengage Learning,2024-09-06,964,Lịch sử,từ khoá,đọc tuần tự,964,thật (Calibre),no
C655,"How the World Really Works: A Scientist’s Guide to Our Past, Present and Future",Vaclav Smil,9780241989685,,,,,,2022,yes,no,,,"How the World Really Works: A Scientist’s Guide to Our Past, Present and Future",eng,Penguin Books,2022-09-03,381,Khoa học & công nghệ,tác giả,đọc tuần tự,381,thật (Calibre),no
C656,Presidents of War,Michael R. Beschloss,9780307409607,,,,,,2018,yes,no,,,Presidents of War,eng,Crown,2021-05-08,848,Lịch sử,từ khoá,đọc tuần tự,848,thật (Calibre),no
C657,Becoming,Michelle Obama,9781524763138,,,,,,2018,yes,no,,,Becoming,eng,Crown,2021-05-09,484,Tiểu sử & hồi ký,tác giả,đọc tuần tự,484,thật (Calibre),no
C661,The Communist Manifesto,Karl Marx & Friedrich Engels,9780140447576,,,,,,1848,yes,no,,,The Communist Manifesto,eng,Penguin Books,2025-08-26,335,Chính trị & xã hội,tựa (ưu tiên),đọc tuần tự,335,thật (Calibre),no
C662,Best Served Cold,Joe Abercrombie,,,,,,,2009,yes,no,,,Best Served Cold,eng,Gollancz,2022-09-07,796,Fantasy,tác giả,đọc tuần tự,796,thật (Calibre),no
C663,"Red Carpet: Hollywood, China, and the Global Battle for Cultural Supremacy",Erich Schwartzel,9781984878991,,,,,,2022,yes,no,,,"Red Carpet: Hollywood, China, and the Global Battle for Cultural Supremacy",eng,Penguin Press,2023-03-23,476,Chính trị & xã hội,tác giả,đọc tuần tự,476,thật (Calibre),no
C664,The Great Change,Joe Abercrombie,9781645240655,,,,,,2023,yes,no,,,The Great Change,eng,Gollancz,2024-01-23,69,Fantasy,tác giả,đọc tuần tự,69,thật (Calibre),no
C666,The Trouble With Peace,Joe Abercrombie,9780316187183,,,,,,2020,yes,no,,,The Trouble With Peace,eng,Gollancz,2021-12-01,697,Fantasy,tác giả,đọc tuần tự,697,thật (Calibre),no
C667,The Blade Itself,Joe Abercrombie,9780316387330,,,,,,2006,yes,no,,,The Blade Itself,eng,Gollancz,2021-12-01,693,Fantasy,tác giả,đọc tuần tự,693,thật (Calibre),no
C668,The Heroes,Joe Abercrombie,9780575088757,,,,,,2011,yes,no,,,The Heroes,eng,Gollancz,2022-09-07,711,Fantasy,tác giả,đọc tuần tự,711,thật (Calibre),no
C669,Red Country,Joe Abercrombie,9780316214445,,,,,,2012,yes,no,,,Red Country,eng,Gollancz,2022-09-07,628,Fantasy,tác giả,đọc tuần tự,628,thật (Calibre),no
C670,Sharp Ends,Joe Abercrombie,9780575104709,,,,,,2016,yes,no,,,Sharp Ends,eng,Gollancz,2022-09-07,348,Fantasy,tác giả,đọc tuần tự,348,thật (Calibre),no
C672,The Wisdom of Crowds,Joe Abercrombie,9780316187244,,,,,,2021,yes,no,,,The Wisdom of Crowds,eng,Gollancz,2021-12-01,708,Fantasy,tác giả,đọc tuần tự,708,thật (Calibre),no
C673,A Little Hatred,Joe Abercrombie,9780575095908,,,,,,2019,yes,no,,,A Little Hatred,eng,Gollancz,2021-12-01,644,Fantasy,tác giả,đọc tuần tự,644,thật (Calibre),no
C674,Last Argument of Kings,Joe Abercrombie,9780316387385,,,,,,2008,yes,no,,,Last Argument of Kings,eng,Gollancz,2021-12-01,826,Fantasy,tác giả,đọc tuần tự,826,thật (Calibre),no
C675,Folk & Fairy Tales of Azeroth,Steve Danuser & Kami Garcia & Christie Golden & Allison Irons & L. L. McKinney & Tamsyn Muir & E. C. Myers & Garth Nix & Molly Knox Ostertag & Madeleine Roux & Cathrynne M. Valente & Alyssa Wong,9781950366477,,,,,,2021,yes,no,,,Folk & Fairy Tales of Azeroth,eng,Blizzard Entertainment,2023-12-17,189,Tiểu thuyết tie-in (game khác),tựa (ưu tiên),đọc tuần tự,189,thật (Calibre),no
C676,The Starcraft Archive: An Anthology,Jeff Grubb & Gabriel Mesta & Tracy Hickman & Micky Neilson,9781416549291,,,,,,2007,yes,no,,,The Starcraft Archive: An Anthology,eng,Pocket Books,2022-09-18,973,Tiểu thuyết tie-in (game khác),tựa (ưu tiên),đọc tuần tự,973,thật (Calibre),no
C677,On the Edge: The Art of Risking Everything,Nate Silver,9781594204128,,,,,,2024,yes,no,,,On the Edge: The Art of Risking Everything,eng,Penguin Press,2024-10-03,849,Khoa học & công nghệ,tác giả,đọc tuần tự,849,thật (Calibre),no
C679,Yellen: the Trailblazing Economist Who Navigated an Era of Upheaval,Jon Hilsenrath,9780063162464,,,,,,2022,yes,no,,,Yellen: the Trailblazing Economist Who Navigated an Era of Upheaval,eng,Harper Business,2023-03-26,437,Kinh tế & tài chính,từ khoá,đọc tuần tự,437,thật (Calibre),no
C680,Oscar Wars,Michael Schulman,9780062859013,,,,,,2022,yes,no,,,Oscar Wars,eng,HarperCollins,2023-03-12,804,Phê bình văn học & nghệ thuật,tác giả,đọc tuần tự,804,thật (Calibre),no
C681,And Quiet Flows the Don,Mikhail Sholokhov,9780241284414,,,,,,1928,yes,no,,,And Quiet Flows the Don,eng,Penguin Books,2025-09-05,836,Tiểu thuyết lịch sử,tác giả,đọc tuần tự,836,thật (Calibre),no
C682,Song of Solomon,Toni Morrison,9780307388124,,,,,,1977,yes,no,,,Song of Solomon,eng,Vintage,2024-11-29,389,Văn học đương đại,tác giả,đọc tuần tự,389,thật (Calibre),no
C683,Beloved,Toni Morrison,9781400033416,,,,,,1987,yes,no,,,Beloved,eng,Vintage,2024-07-12,339,Văn học đương đại,tác giả,đọc tuần tự,339,thật (Calibre),no
C684,Sông Đông Êm Đềm,Mikhail Sholokhov,,,,,,,1928,yes,no,,,Sông Đông Êm Đềm,vie,Nhà xuất bản Văn học,2024-03-19,2411,Tiểu thuyết lịch sử,tác giả,đọc tuần tự,2411,thật (Calibre),no
C685,The Stuff of Thought,Steven Pinker,9781101202609,,,,,,2007,yes,no,,,The Stuff of Thought,eng,Viking,2023-03-16,711,Tâm lý & hành vi,tác giả,đọc tuần tự,711,thật (Calibre),no
C686,"Rationality: What It Is, Why It Seems Scarce, Why It Matters",Steven Pinker,9780525561996,,,,,,2021,yes,no,,,"Rationality: What It Is, Why It Seems Scarce, Why It Matters",eng,Viking,2023-03-16,478,Tâm lý & hành vi,tác giả,đọc tuần tự,478,thật (Calibre),no
C687,The Better Angels of Our Nature,Steven Pinker,9780141959740,,,,,,2011,yes,no,,,The Better Angels of Our Nature,eng,Viking,2023-03-16,1241,Tâm lý & hành vi,tác giả,đọc tuần tự,1241,thật (Calibre),no
C688,"Enlightenment Now: The Case for Reason, Science, Humanism, and Progress",Steven Pinker,9780525427575,,,,,,2018,yes,no,,,"Enlightenment Now: The Case for Reason, Science, Humanism, and Progress",eng,Viking,2023-03-16,972,Tâm lý & hành vi,tác giả,đọc tuần tự,972,thật (Calibre),no
C689,King Arthur: Tales From the Round Table,Andrew Lang,9780486114361,,,,,,1918,yes,no,,,King Arthur: Tales From the Round Table,eng,Dover Publications,2024-12-03,119,Văn học kinh điển,tác giả,đọc tuần tự,119,thật (Calibre),no
C690,The Blank Slate: The Modern Denial of Human Nature,Steven Pinker,9781101200322,,,,,,2016,yes,no,,,The Blank Slate: The Modern Denial of Human Nature,eng,Viking,2023-03-16,893,Tâm lý & hành vi,tác giả,đọc tuần tự,893,thật (Calibre),no
C691,The Sense of Style: The Thinking Person’s Guide to Writing in the 21st Century,Steven Pinker,9781846145513,,,,,,2014,yes,no,,,The Sense of Style: The Thinking Person’s Guide to Writing in the 21st Century,eng,Viking,2023-03-16,380,Tâm lý & hành vi,tác giả,đọc tuần tự,380,thật (Calibre),no
C693,The Lady of the Camellias,Alexandre Dumas Fils,9780698136236,,,,,,2013,yes,no,,,The Lady of the Camellias,eng,Penguin Books,2025-08-26,262,Văn học kinh điển,tác giả,đọc tuần tự,262,thật (Calibre),no
C694,"The Yellow Wall-Paper, Herland, and Selected Writings",Charlotte Perkins Gilman,9781101145029,,,,,,2009,yes,no,,,"The Yellow Wall-Paper, Herland, and Selected Writings",eng,Penguin Books,2025-08-30,452,Văn học kinh điển,tác giả,đọc tuần tự,452,thật (Calibre),no
C695,Astrophysics for People in a Hurry,Neil Degrasse Tyson,9780393609400,,,,,,2017,yes,no,,,Astrophysics for People in a Hurry,eng,W.W. Norton,2021-05-11,134,Khoa học & công nghệ,tác giả,đọc tuần tự,134,thật (Calibre),no
C696,Starry Messenger: Cosmic Perspectives on Civilisation,Neil Degrasse Tyson,9781250861498,,,,,,2022,yes,no,,,Starry Messenger: Cosmic Perspectives on Civilisation,eng,Macmillan,2023-03-24,219,Khoa học & công nghệ,tác giả,đọc tuần tự,219,thật (Calibre),no
C697,Educated,Tara Westover,9780399590504,,,,,,2018,yes,no,,,Educated,eng,Random House,2021-05-09,360,Tiểu sử & hồi ký,tác giả,đọc tuần tự,360,thật (Calibre),no
C698,Inside the Economist's Mind,Paul A. Samuelson & William A. Barnett,9781405157155,,,,,,2006,yes,no,,,Inside the Economist's Mind,eng,Wiley,2024-07-31,456,Kinh tế & tài chính,từ khoá,đọc tuần tự,456,thật (Calibre),no
C700,Storytelling With Data: A Data Visualization Guide for Business Professionals,Cole Nussbaumer Knaflic,9781119002253,,,,,,2015,yes,no,,,Storytelling With Data: A Data Visualization Guide for Business Professionals,eng,Wiley,2022-09-11,284,Kinh doanh & quản trị,từ khoá,đọc tuần tự,284,thật (Calibre),no
C702,"Religion 101: From Allah to Zen Buddhism, an Exploration of the Key People, Practices, and Beliefs That Have Shaped the Religions of the World",Peter Archer,9781440572630,,,,,,2013,yes,no,,,"Religion 101: From Allah to Zen Buddhism, an Exploration of the Key People, Practices, and Beliefs That Have Shaped the Religions of the World",eng,Adams Media,2024-07-29,193,Sách nhập môn (101 / Dummies),tựa (ưu tiên),đọc tuần tự,193,thật (Calibre),no
C703,Imagined Communities: Reflections on the Origin and Spread of Nationalism,Benedict Anderson,9781784786755,,,,,,1983,yes,no,,,Imagined Communities: Reflections on the Origin and Spread of Nationalism,eng,Verso,2024-07-29,323,Chính trị & xã hội,tác giả,đọc tuần tự,323,thật (Calibre),no
C705,"Genetics 101: From Chromosomes and the Double Helix to Cloning and DNA Tests, Everything You Need to Know About Genes",Beth Skwarecki,9781507207642,,,,,,2018,yes,no,,,"Genetics 101: From Chromosomes and the Double Helix to Cloning and DNA Tests, Everything You Need to Know About Genes",eng,Adams Media,2024-07-30,216,Sách nhập môn (101 / Dummies),tựa (ưu tiên),đọc tuần tự,216,thật (Calibre),no
C706,The Shortest History of Our Universe,David Baker,9781615199747,,,,,,2023,yes,no,,,The Shortest History of Our Universe,eng,The Experiment,2024-05-10,225,Lịch sử,từ khoá,đọc tuần tự,225,thật (Calibre),no
C707,The Shortest History of Sex,David Baker,9781891011351,,,,,,2023,yes,no,,,The Shortest History of Sex,eng,"The Experiment, LLC",2025-07-19,311,Lịch sử,từ khoá,đọc tuần tự,311,thật (Calibre),no
C708,Indistractable: How to Control Your Attention and Choose Your Life,Nir Eyal,9781948836784,,,,,,2019,yes,no,,,Indistractable: How to Control Your Attention and Choose Your Life,eng,BenBella Books,2024-10-28,247,Phát triển bản thân & năng suất,tác giả,đọc tuần tự,247,thật (Calibre),no
C709,Going Infinite: The Rise and Fall of a New Tycoon,Michael Lewis,9781324074342,,,,,,2023,yes,no,,,Going Infinite: The Rise and Fall of a New Tycoon,eng,W.W. Norton,2023-12-02,267,Kinh tế & tài chính,tác giả,đọc tuần tự,267,thật (Calibre),no
C710,The Undoing Project: A Friendship That Changed Our Minds,Michael Lewis,9780393254600,,,,,,2016,yes,no,,,The Undoing Project: A Friendship That Changed Our Minds,eng,W.W. Norton,2022-09-03,336,Kinh tế & tài chính,tác giả,đọc tuần tự,336,thật (Calibre),no
C711,The New New Thing: A Silicon Valley Story,Michael Lewis,9780393066210,,,,,,2012,yes,no,,,The New New Thing: A Silicon Valley Story,eng,W.W. Norton,2022-09-03,301,Kinh tế & tài chính,tác giả,đọc tuần tự,301,thật (Calibre),no
C712,The Big Short: Inside the Doomsday Machine,Michael Lewis,9780393078190,,,,,,2009,yes,no,,,The Big Short: Inside the Doomsday Machine,eng,W.W. Norton,2022-09-03,265,Kinh tế & tài chính,tác giả,đọc tuần tự,265,thật (Calibre),no
C713,The Premonition: A Pandemic Story,Michael Lewis,9780393881561,,,,,,2021,yes,no,,,The Premonition: A Pandemic Story,eng,W.W. Norton,2021-11-23,285,Kinh tế & tài chính,tác giả,đọc tuần tự,285,thật (Calibre),no
C714,Flash Boys: A Wall Street Revolt,Michael Lewis,9780393244670,,,,,,2014,yes,no,,,Flash Boys: A Wall Street Revolt,eng,W.W. Norton,2022-09-03,251,Kinh tế & tài chính,tác giả,đọc tuần tự,251,thật (Calibre),no
C715,Why the West Rules for Now,Ian Morris,9781846682087,,,,,,2011,yes,no,,,Why the West Rules for Now,eng,Profile Books Ltd,2024-09-05,951,Lịch sử,tác giả,đọc tuần tự,951,thật (Calibre),no
C716,The Fifth Risk,Michael Lewis,9781324002659,,,,,,2018,yes,no,,,The Fifth Risk,eng,W.W. Norton,2022-09-03,157,Kinh tế & tài chính,tác giả,đọc tuần tự,157,thật (Calibre),no
C717,The Money Culture,Michael Lewis,9780393030372,,,,,,2011,yes,no,,,The Money Culture,eng,W.W. Norton,2022-09-03,224,Kinh tế & tài chính,tác giả,đọc tuần tự,224,thật (Calibre),no
C718,Belisarius Cawl: The Great Work,Guy Haley,9781789997187,,,,,,2019,yes,no,,,Belisarius Cawl: The Great Work,eng,Black Library,2025-05-20,394,Warhammer 40K,tác giả,đọc tuần tự,394,thật (Calibre),no
C719,Avenging Son,Guy Haley,9781789993622,,,,,,2020,yes,no,,,Avenging Son,eng,Black Library,2023-05-27,507,Warhammer 40K,tác giả,đọc tuần tự,507,thật (Calibre),no
C720,Genefather,Guy Haley,9781804074930,,,,,,2023,yes,no,,,Genefather,eng,Black Library,2024-07-17,355,Warhammer 40K,tác giả,đọc tuần tự,355,thật (Calibre),no
C721,Dragons of Winter Night: The Dragonlance Chronicles,Margaret Weis & Tracy Hickman,9780786954384,,,,,,2010,yes,no,,,Dragons of Winter Night: The Dragonlance Chronicles,eng,"Wizards of the Coast, Inc",2022-09-04,486,Tiểu thuyết tie-in (game khác),tựa (ưu tiên),đọc tuần tự,486,thật (Calibre),no
C722,Ciaphas Cain: Hero of the Imperium,Sandy Mitchell,9781789997248,,,,,,2015,yes,no,,,Ciaphas Cain: Hero of the Imperium,eng,Black Library,2024-02-21,934,Warhammer 40K,tựa (ưu tiên),đọc tuần tự,934,thật (Calibre),no
C723,Ciaphas Cain: Defender of the Imperium,Sandy Mitchell,9781789997255,,,,,,2010,yes,no,,,Ciaphas Cain: Defender of the Imperium,eng,Black Library,2024-02-21,1061,Warhammer 40K,tựa (ưu tiên),đọc tuần tự,1061,thật (Calibre),no
C724,Dragons of Autumn Twilight,Margaret Weis & Tracy Hickman,9780786954377,,,,,,2000,yes,no,,,Dragons of Autumn Twilight,eng,"Wizards of the Coast, Inc",2022-09-04,530,Tiểu thuyết tie-in (game khác),tựa (ưu tiên),đọc tuần tự,530,thật (Calibre),no
C725,Dragons of Spring Dawning,Margaret Weis & Tracy Hickman,9780786954391,,,,,,1999,yes,no,,,Dragons of Spring Dawning,eng,"Wizards of the Coast, Inc",2022-09-04,452,Tiểu thuyết tie-in (game khác),tựa (ưu tiên),đọc tuần tự,452,thật (Calibre),no
C726,Free to Choose: A Personal Statement,Milton Friedman & Rose Friedman,9780156334600,,,,,,1990,yes,no,,,Free to Choose: A Personal Statement,eng,Harvest Books,2023-03-24,376,Kinh tế & tài chính,tác giả,đọc tuần tự,376,thật (Calibre),no
C727,Capitalism and Freedom: Fortieth Anniversary Edition,Milton Friedman & Rose D. Friedman,9780226264202,,,,,,2002,yes,no,,,Capitalism and Freedom: Fortieth Anniversary Edition,eng,The University of Chicago Press,2023-03-24,250,Kinh tế & tài chính,tác giả,đọc tuần tự,250,thật (Calibre),no
C728,The Shortest History of the Crown,Stephen Bates,9781910400890,,,,,,2022,yes,no,,,The Shortest History of the Crown,eng,Old Street Publishing,2024-02-12,219,Lịch sử,từ khoá,đọc tuần tự,219,thật (Calibre),no
C729,The Macroeconomy Today,Bradley R. Schiller & Karen Gebhardt,9781260105155,,,,,,1986,yes,no,,,The Macroeconomy Today,eng,McGraw Hill,2024-06-16,933,Giáo trình,tác giả,giáo trình,933,thật (Calibre),no
C730,The Microeconomy Today,Bradley R. Schiller & Karen Gebhardt,9781260105322,,,,,,1996,yes,no,,,The Microeconomy Today,eng,McGraw Hill,2024-06-16,989,Giáo trình,tác giả,giáo trình,989,thật (Calibre),no
C733,Cinema Speculation,Quentin Tarantino,9780063112599,,,,,,2022,yes,no,,,Cinema Speculation,eng,HarperCollins,2023-03-16,413,Phê bình văn học & nghệ thuật,từ khoá,đọc tuần tự,413,thật (Calibre),no
C735,Brave New World,Aldous Huxley,9780062368232,,,,,,1932,yes,no,,,Brave New World,eng,Harper Perennial,2021-10-17,245,Văn học kinh điển,tác giả,đọc tuần tự,245,thật (Calibre),no
C736,The Comfort Book,Matt Haig,9780143136668,,,,,,2021,yes,no,,,The Comfort Book,eng,Penguin Books,2022-09-08,95,Văn học đương đại,tác giả,đọc tuần tự,95,thật (Calibre),no
C738,The Midnight Library,Matt Haig,9781786892706,,,,,,2020,yes,no,,,The Midnight Library,eng,Cannongate,2021-05-11,291,Văn học đương đại,tác giả,đọc tuần tự,291,thật (Calibre),no
C739,The Phantom of the Opera,Gaston Leroux,9780141938059,,,,,,1910,yes,no,,,The Phantom of the Opera,eng,Penguin Books,2025-08-30,411,Văn học kinh điển,tác giả,đọc tuần tự,411,thật (Calibre),no
C740,More Sex Is Safer Sex: The Unconventional Wisdom of Economics,Steven E. Landsburg,9781416539667,,,,,,2007,yes,no,,,More Sex Is Safer Sex: The Unconventional Wisdom of Economics,eng,Free Press,2021-10-25,256,Kinh tế & tài chính,tác giả,đọc tuần tự,256,thật (Calibre),no
C742,Price Theory and Applications,Steven E. Landsburg,9781285423524,,,,,,2013,yes,no,,,Price Theory and Applications,eng,Cengage Learning,2024-05-10,716,Kinh tế & tài chính,tác giả,đọc tuần tự,716,thật (Calibre),no
C743,The Armchair Economist: Economics and Everyday Life,Steven E. Landsburg,9781451651737,,,,,,1993,yes,no,,,The Armchair Economist: Economics and Everyday Life,eng,Free Press,2021-10-25,337,Kinh tế & tài chính,tác giả,đọc tuần tự,337,thật (Calibre),no
C744,Can You Outsmart an Economist?: 100+ Puzzles to Train Your Brain,Steven E. Landsburg,9781328489821,,,,,,2018,yes,no,,,Can You Outsmart an Economist?: 100+ Puzzles to Train Your Brain,eng,Mariner Books,2021-10-25,270,Kinh tế & tài chính,tác giả,đọc tuần tự,270,thật (Calibre),no
C745,"The Big Questions: Tackling the Problems of Philosophy With Ideas From Mathematics, Economics and Physics",Steven E. Landsburg,9781439148211,,,,,,2009,yes,no,,,"The Big Questions: Tackling the Problems of Philosophy With Ideas From Mathematics, Economics and Physics",eng,Free Press,2021-10-25,286,Kinh tế & tài chính,tác giả,đọc tuần tự,286,thật (Calibre),no
C746,Microeconomics and Behavior,Robert H. Frank,9781260575644,,,,,,2020,yes,no,,,Microeconomics and Behavior,eng,McGraw Hill,2024-07-24,625,Kinh tế & tài chính,tác giả,đọc tuần tự,625,thật (Calibre),no
C747,The Return of the Economic Naturalist: How Economics Helps Make Sense of Your World,Robert H. Frank,9780753519660,,,,,,2009,yes,no,,,The Return of the Economic Naturalist: How Economics Helps Make Sense of Your World,eng,Virgin Books,2023-03-27,254,Kinh tế & tài chính,tác giả,đọc tuần tự,254,thật (Calibre),no
C748,The Economic Naturalist: Why Economics Explains Almost Everything,Robert H. Frank,9780753513385,,,,,,2011,yes,no,,,The Economic Naturalist: Why Economics Explains Almost Everything,eng,Virgin Books,2023-03-27,213,Kinh tế & tài chính,tác giả,đọc tuần tự,213,thật (Calibre),no
C749,"The Molecule of More: How a Single Chemical in Your Brain Drives Love, Sex, and Creativityand Will Det Ermine the Fate of the Human Race",Daniel Z. Lieberman & Michael E. Long,9781946885296,,,,,,2018,yes,no,,,"The Molecule of More: How a Single Chemical in Your Brain Drives Love, Sex, and Creativityand Will Det Ermine the Fate of the Human Race",eng,BenBella Books,2022-04-22,287,Tâm lý & hành vi,từ khoá,đọc tuần tự,287,thật (Calibre),no
C750,Success and Luck: Good Fortune and the Myth of Meritocracy,Robert H. Frank,9780691167404,,,,,,2016,yes,no,,,Success and Luck: Good Fortune and the Myth of Meritocracy,eng,Princeton University Press,2023-03-27,199,Kinh tế & tài chính,tác giả,đọc tuần tự,199,thật (Calibre),no
C751,Decision Points,George W. Bush,9780307590626,,,,,,2010,yes,no,,,Decision Points,eng,Crown Business,2021-05-08,652,Tiểu sử & hồi ký,tác giả,đọc tuần tự,652,thật (Calibre),no
C752,"Principles of Economics, a Streamlined Approach",Robert H. Frank,9781260597981,,,,,,2021,yes,no,,,"Principles of Economics, a Streamlined Approach",eng,McGraw Hill,2023-04-05,673,Giáo trình,loại,giáo trình,673,thật (Calibre),no
C753,The Economic Naturalist's Field Guide: Common Sense Principles for Troubled Times,Robert H. Frank,9780786744404,,,,,,2010,yes,no,,,The Economic Naturalist's Field Guide: Common Sense Principles for Troubled Times,eng,Basic Books,2023-03-27,260,Tra cứu & minh hoạ,loại,tra cứu,260,thật (Calibre),no
C754,The Running Grave: A Cormoran Strike Novel,Robert Galbraith,9780316572132,,,,,,2023,yes,no,,,The Running Grave: A Cormoran Strike Novel,eng,Mulholland Books,2023-12-02,1173,Trinh thám & ly kỳ,tác giả,đọc tuần tự,1173,thật (Calibre),no
C755,Under the Influence: Putting Peer Pressure to Work,Robert H. Frank,9780691193083,,,,,,2021,yes,no,,,Under the Influence: Putting Peer Pressure to Work,eng,Princeton University Press,2023-03-27,342,Kinh tế & tài chính,tác giả,đọc tuần tự,342,thật (Calibre),no
C758,Troubled Blood,Robert Galbraith,9780316498968,,,,,,2020,yes,no,,,Troubled Blood,eng,Mulholland Books,2021-05-08,1101,Trinh thám & ly kỳ,tác giả,đọc tuần tự,1101,thật (Calibre),no
C759,Lethal White,Robert Galbraith,9780751572841,,,,,,2018,yes,no,,,Lethal White,eng,Mulholland Books,2021-05-08,1502,Trinh thám & ly kỳ,tác giả,đọc tuần tự,1502,thật (Calibre),no
C761,Advanced Microeconomic Theory: An Intuitive Approach With Examples,Felix Munoz-Garcia,9780262035446,,,,,,2017,yes,no,,,Advanced Microeconomic Theory: An Intuitive Approach With Examples,eng,MIT Press,2025-07-13,891,Giáo trình,tác giả,giáo trình,891,thật (Calibre),no
C764,The Ink Black Heart,Robert Galbraith,9780316413237,,,,,,2022,yes,no,,,The Ink Black Heart,eng,Mulholland Books,2023-02-10,1303,Trinh thám & ly kỳ,tác giả,đọc tuần tự,1303,thật (Calibre),no
C765,Career of Evil,Robert Galbraith,9780316349925,,,,,,2015,yes,no,,,Career of Evil,eng,Mulholland Books,2021-05-08,576,Trinh thám & ly kỳ,tác giả,đọc tuần tự,576,thật (Calibre),no
C768,Artemis,Andy Weir,9780553448122,,,,,,2017,yes,no,,,Artemis,eng,Crown,2021-05-11,344,Khoa học viễn tưởng,tác giả,đọc tuần tự,344,thật (Calibre),no
C769,The Rise of Central Banks: State Power in Financial Capitalism,Leon Wansleben,9780674270510,,,,,,2023,yes,no,,,The Rise of Central Banks: State Power in Financial Capitalism,eng,Harvard University Press,2024-06-07,362,Kinh tế & tài chính,từ khoá,đọc tuần tự,362,thật (Calibre),no
C770,Lá cờ thêu sáu chữ vàng,Nguyễn Huy Tưởng,9786042222365,,,,,,1960,yes,no,,,Lá cờ thêu sáu chữ vàng,vie,Nhà xuất bản Văn học,2024-07-04,46,Văn học & lịch sử Việt Nam,tác giả,đọc tuần tự,46,thật (Calibre),no
C771,"Your Time, Your Way: Time Well Managed, Life Well Lived",Carl Pullein,,,,,,,2024,yes,no,,,"Your Time, Your Way: Time Well Managed, Life Well Lived",eng,Rothstein Publishing,2024-08-04,242,Phát triển bản thân & năng suất,tác giả,đọc tuần tự,242,thật (Calibre),no
C772,Your Digitial Life 2.0 FINAL,Carl Pullein,,,,,,,2017,yes,no,,,Your Digitial Life 2.0 FINAL,eng,Carl Pullein,2024-08-04,211,Phát triển bản thân & năng suất,tác giả,đọc tuần tự,211,thật (Calibre),no
C773,"Buddhism 101: From Karma to the Four Noble Truths, Your Guide to Understanding the Principles of Buddhism",Arnie Kozak,,,,,,,2017,yes,no,,,"Buddhism 101: From Karma to the Four Noble Truths, Your Guide to Understanding the Principles of Buddhism",eng,Adams Media,2024-07-29,218,Sách nhập môn (101 / Dummies),tựa (ưu tiên),đọc tuần tự,218,thật (Calibre),no
C774,Wuthering Heights,Emily Brontë,9780141439556,,,,,,1847,yes,no,,,Wuthering Heights,eng,Penguin Books,2025-09-04,452,Văn học kinh điển,tác giả,đọc tuần tự,452,thật (Calibre),no
C775,In FED We Trust: Ben Bernanke's War on the Great Panic,David Wessel,9780307459701,,,,,,2009,yes,no,,,In FED We Trust: Ben Bernanke's War on the Great Panic,eng,Crown Business,2023-03-25,352,Lịch sử,từ khoá,đọc tuần tự,352,thật (Calibre),no
C776,Everything Is Predictable: How Bayesian Statistics Explain Our World,Tom Chivers,9781668052648,,,,,,2024,yes,no,,,Everything Is Predictable: How Bayesian Statistics Explain Our World,eng,Simon and Schuster,2024-10-05,283,Khoa học & công nghệ,tác giả,đọc tuần tự,283,thật (Calibre),no
C777,Translation State,Ann Leckie,9780316289719,,,,,,2023,yes,no,,,Translation State,eng,Orbit,2023-12-23,350,Khoa học viễn tưởng,tác giả,đọc tuần tự,350,thật (Calibre),no
C778,The Raven Tower,Ann Leckie,9780316388696,,,,,,2019,yes,no,,,The Raven Tower,eng,Orbit,2023-12-23,318,Khoa học viễn tưởng,tác giả,đọc tuần tự,318,thật (Calibre),no
C779,Ancillary Sword,Ann Leckie,9780316246644,,,,,,2014,yes,no,,,Ancillary Sword,eng,Orbit,2023-12-23,371,Khoa học viễn tưởng,tác giả,đọc tuần tự,371,thật (Calibre),no
C780,Provenance,Ann Leckie,9780316388672,,,,,,2017,yes,no,,,Provenance,eng,Orbit,2023-12-23,352,Khoa học viễn tưởng,tác giả,đọc tuần tự,352,thật (Calibre),no
C781,Ancillary Mercy,Ann Leckie,9780316246682,,,,,,2015,yes,no,,,Ancillary Mercy,eng,Orbit,2023-12-23,343,Khoa học viễn tưởng,tác giả,đọc tuần tự,343,thật (Calibre),no
C782,Ancillary Justice,Ann Leckie,9780316246637,,,,,,2013,yes,no,,,Ancillary Justice,eng,Orbit,2023-12-23,392,Khoa học viễn tưởng,tác giả,đọc tuần tự,392,thật (Calibre),no
C784,The Book of Magic: From Antiquity to Enlightenment,Brian Copenhaver,9780141393155,,,,,,2015,yes,no,,,The Book of Magic: From Antiquity to Enlightenment,eng,Penguin Books,2025-08-27,725,Lịch sử,tác giả,đọc tuần tự,725,thật (Calibre),no
C785,The Death of King Arthur: The Immortal Legend,Peter Ackroyd & Thomas Malory,9781101545904,,,,,,2011,yes,no,,,The Death of King Arthur: The Immortal Legend,eng,Penguin Books,2025-08-29,351,Văn học kinh điển,tác giả,đọc tuần tự,351,thật (Calibre),no
C787,The Price of Inequality,Joseph E. Stiglitz,9780718197384,,,,,,2013,yes,no,,,The Price of Inequality,eng,W.W. Norton,2024-09-04,581,Chính trị & xã hội,từ khoá,đọc tuần tự,581,thật (Calibre),no
C788,Think: A Compelling Introduction to Philosophy,Simon Blackburn,9780192100245,,,,,,1999,yes,no,,,Think: A Compelling Introduction to Philosophy,eng,Oxford University Press,2024-09-06,318,Triết học & tôn giáo,từ khoá,đọc tuần tự,318,thật (Calibre),no
C789,The Shortest History of China,Linda Jaivin,9781760641122,,,,,,2021,yes,no,,,The Shortest History of China,eng,Black Inc.,2024-02-12,261,Lịch sử,từ khoá,đọc tuần tự,261,thật (Calibre),no
C790,The History of the Decline and Fall of the Roman Empire,Edward Gibbon,9780140437645,,,,,,1776,yes,no,,,The History of the Decline and Fall of the Roman Empire,eng,Penguin Books,2025-08-26,1175,Lịch sử,từ khoá,đọc tuần tự,1175,thật (Calibre),no
C792,Thank You for Being Late,T. Friedman,9780374900434,,,,,,2017,yes,no,,,Thank You for Being Late,eng,"Farrar, Straus and Giroux",2024-02-11,603,Chính trị & xã hội,tác giả,đọc tuần tự,603,thật (Calibre),no
C793,The Shortest History of Japan,Lesley Downer,9781891011672,,,,,,2024,yes,no,,,The Shortest History of Japan,eng,"The Experiment, LLC",2024-10-04,232,Lịch sử,từ khoá,đọc tuần tự,232,thật (Calibre),no
C794,Naked Statistics: Stripping the Dread From the Data,Charles Wheelan,9780393089820,,,,,,2012,yes,no,,,Naked Statistics: Stripping the Dread From the Data,eng,W.W. Norton,2021-10-23,348,Khoa học & công nghệ,tác giả,đọc tuần tự,348,thật (Calibre),no
C796,Why Smart People Make Big Money Mistakes and How to Correct Them: Lessons From the New Science of Behavioral Economics,Gary Belsky & Thomas Gilovich,9780684859385,,,,,,1999,yes,no,,,Why Smart People Make Big Money Mistakes and How to Correct Them: Lessons From the New Science of Behavioral Economics,eng,Gary Belsky,2025-09-06,31,Kinh tế & tài chính,từ khoá,đọc tuần tự,31,thật (Calibre),no
C798,Naked Economics: Undressing the Dismal Science,Charles Wheelan,9780393356946,,,,,,2002,yes,no,,,Naked Economics: Undressing the Dismal Science,eng,W.W. Norton,2021-10-23,468,Khoa học & công nghệ,tác giả,đọc tuần tự,468,thật (Calibre),no
C799,Jade City,Fonda Lee,9780316440868,,,,,,2017,yes,no,,,Jade City,eng,Orbit,2021-10-03,517,Fantasy,tác giả,đọc tuần tự,517,thật (Calibre),no
C800,The Fall of Cadia,Robert Rath,9781804076392,,,,,,2023,yes,no,,,The Fall of Cadia,eng,Black Library,2024-07-18,710,Warhammer 40K,tựa (ưu tiên),đọc tuần tự,710,thật (Calibre),no
C801,Jade Legacy,Fonda Lee,9780356510583,,,,,,2021,yes,no,,,Jade Legacy,eng,Orbit,2021-12-01,797,Fantasy,tác giả,đọc tuần tự,797,thật (Calibre),no
C802,The Infinite and the Divine,Robert Rath,9781800264045,,,,,,2020,yes,no,,,The Infinite and the Divine,eng,Black Library,2024-07-17,440,Warhammer 40K,tác giả,đọc tuần tự,440,thật (Calibre),no
C803,Jade War,Fonda Lee,9780316440929,,,,,,2019,yes,no,,,Jade War,eng,Orbit,2021-10-03,628,Fantasy,tác giả,đọc tuần tự,628,thật (Calibre),no
C804,The Shortest History of AI,Toby Walsh,9781743823996,,,,,,2025,yes,no,,,The Shortest History of AI,eng,Black Inc.,2025-07-05,182,Khoa học & công nghệ,tựa (ưu tiên),đọc tuần tự,182,thật (Calibre),no
C805,A Little History of Psychology,Nicky Hayes,9780300277364,,,,,,2024,yes,no,,,A Little History of Psychology,eng,Yale University Press,2025-01-16,317,Tâm lý & hành vi,tựa (ưu tiên),đọc tuần tự,317,thật (Calibre),no
C806,Warriorborn: A Cinder Spires Novella,Jim Butcher,9781039452435,,,,,,2023,yes,no,,,Warriorborn: A Cinder Spires Novella,eng,Podium,2023-11-06,97,Trinh thám & ly kỳ,tác giả,đọc tuần tự,97,thật (Calibre),no
C810,The Narrow Corridor,Daron Acemoglu & James A. Robinson,9780735224384,,,,,,2019,yes,no,,,The Narrow Corridor,eng,Penguin Press,2023-03-25,811,Kinh tế & tài chính,tác giả,đọc tuần tự,811,thật (Calibre),no
C811,The Lion: Son of the Forest,Mike Brooks,9781804072783,,,,,,2023,yes,no,,,The Lion: Son of the Forest,eng,Black Library,2023-05-09,343,Warhammer 40K,tác giả,đọc tuần tự,343,thật (Calibre),no
C813,Bring Up the Bodies,Hilary Mantel,9781429947657,,,,,,2012,yes,no,,,Bring Up the Bodies,eng,4th Estate,2021-05-11,465,Tiểu thuyết lịch sử,tác giả,đọc tuần tự,465,thật (Calibre),no
C814,The Mirror & the Light,Hilary Mantel,9780007480999,,,,,,2020,yes,no,,,The Mirror & the Light,eng,4th Estate,2021-05-11,1060,Tiểu thuyết lịch sử,tác giả,đọc tuần tự,1060,thật (Calibre),no
C817,For Whom the Bell Tolls,Ernest Hemingway,9780743237178,,,,,,2002,yes,no,,,For Whom the Bell Tolls,eng,Scribner,2025-09-07,616,Văn học kinh điển,tác giả,đọc tuần tự,616,thật (Calibre),no
C818,A Journey Through the Hogwarts Curriculum,Pottermore Publishing,9781781104651,,,,,,2019,yes,no,,,A Journey Through the Hogwarts Curriculum,eng,Pottermore,2025-09-07,171,Tra cứu & minh hoạ,tác giả,tra cứu,171,thật (Calibre),no
C819,Fantastic Beasts: The Wonder of Nature,London Natural History Museum,9781789390001,,,,,,2020,yes,no,,,Fantastic Beasts: The Wonder of Nature,eng,Pottermore,2025-09-07,74,Tra cứu & minh hoạ,tác giả,tra cứu,74,thật (Calibre),no
C821,Of the Social Contract and Other Political Writings,Jean-Jacques Rousseau,9780141931999,,,,,,2012,yes,no,,,Of the Social Contract and Other Political Writings,eng,Penguin Books,2025-09-07,407,Chính trị & xã hội,từ khoá,đọc tuần tự,407,thật (Calibre),no
C822,Going to Meet the Man: Stories,James Baldwin,9780804149754,,,,,,1965,yes,no,,,Going to Meet the Man: Stories,eng,Vintage,2025-09-07,236,Văn học kinh điển,tác giả,đọc tuần tự,236,thật (Calibre),no
C823,"The Economics of Money, Banking and Financial Markets",Frederic S. Mishkin,9781292409481,,,,,,1986,yes,no,,,"The Economics of Money, Banking and Financial Markets",eng,Pearson,2025-09-12,720,Kinh tế & tài chính,từ khoá,đọc tuần tự,720,thật (Calibre),no
C824,The Secret of Secrets,Dan Brown,,,,,,,2025,yes,no,,,The Secret of Secrets,eng,Doubleday,2025-09-12,715,Trinh thám & ly kỳ,tác giả,đọc tuần tự,715,thật (Calibre),no
C825,In Our Time: Celebrating Twenty Years of Essential Conversation,Melvyn Bragg & Simon Tillotson,9781471174506,,,,,,2018,yes,no,,,In Our Time: Celebrating Twenty Years of Essential Conversation,eng,Simon and Schuster,2025-09-12,592,Phê bình văn học & nghệ thuật,tác giả,đọc tuần tự,592,thật (Calibre),no
C826,Don Quixote,Miguel de Cervantes Saavedra,9780141908335,,,,,,1615,yes,no,,,Don Quixote,eng,Penguin Books,2025-09-13,1255,Văn học kinh điển,tác giả,đọc tuần tự,1255,thật (Calibre),no
C827,The Penguin Book of the British Short Story: 1: From Daniel Defoe to John Buchan,Philip Hensher,9780141979281,,,,,,2015,yes,no,,,The Penguin Book of the British Short Story: 1: From Daniel Defoe to John Buchan,eng,Penguin Books,2025-09-13,937,Văn học kinh điển,tác giả,đọc tuần tự,937,thật (Calibre),no
C828,The Penguin Book of the British Short Story: 2: From P.G. Wodehouse to Zadie Smith,Philip Hensher,9780141979298,,,,,,2015,yes,no,,,The Penguin Book of the British Short Story: 2: From P.G. Wodehouse to Zadie Smith,eng,Penguin Books,2025-09-13,950,Văn học kinh điển,tác giả,đọc tuần tự,950,thật (Calibre),no
C829,Three Gothic Novels,William Beckford & Mary Wollstonecraft Shelley & Horace Walpole,9781101491966,,,,,,1765,yes,no,,,Three Gothic Novels,eng,Penguin Books,2025-09-14,481,Văn học kinh điển,tác giả,đọc tuần tự,481,thật (Calibre),no
C830,Ivanhoe,Walter Scott,9781411432420,,,,,,1819,yes,no,,,Ivanhoe,eng,Barnes&Noble,2025-09-16,714,Văn học kinh điển,tác giả,đọc tuần tự,714,thật (Calibre),no
C831,Treasure Island and the Ebb-Tide,Robert Louis Stevenson & Lloyd Osbourne,9780141199146,,,,,,1883,yes,no,,,Treasure Island and the Ebb-Tide,eng,Penguin Books,2025-09-16,383,Văn học kinh điển,tác giả,đọc tuần tự,383,thật (Calibre),no
C832,The Strange Case of Dr. Jekyll and Mr. Hyde and Other Stories,Robert Louis Stevenson & Jenny Davidson,9781411433212,,,,,,1886,yes,no,,,The Strange Case of Dr. Jekyll and Mr. Hyde and Other Stories,eng,Barnes & Noble Classics,2025-09-16,316,Văn học kinh điển,tác giả,đọc tuần tự,316,thật (Calibre),no
C834,"Right Thing, Right Now: Justice in an Unjust World",Ryan Holiday,9780593191729,,,,,,2024,yes,no,,,"Right Thing, Right Now: Justice in an Unjust World",eng,Portfolio/Penguin,2025-09-21,266,Phát triển bản thân & năng suất,tác giả,đọc tuần tự,266,thật (Calibre),no
C835,The Hunt for Red October,Tom Clancy,9781101010365,,,,,,1984,yes,no,,,The Hunt for Red October,eng,Penguin,2025-09-21,609,Trinh thám & ly kỳ,tác giả,đọc tuần tự,609,thật (Calibre),no
C836,"When Everyone Knows That Everyone Knows . . .: Common Knowledge and the Mysteries of Money, Power, and Everyday Life",Steven Pinker,,,,,,,2025,yes,no,,,"When Everyone Knows That Everyone Knows . . .: Common Knowledge and the Mysteries of Money, Power, and Everyday Life",eng,Scribner,2025-09-25,278,Tâm lý & hành vi,tác giả,đọc tuần tự,278,thật (Calibre),no
C837,The Hallmarked Man,Robert Galbraith,,,,,,,2025,yes,no,,,The Hallmarked Man,eng,"Little, Brown and Company",2025-09-27,1131,Trinh thám & ly kỳ,tác giả,đọc tuần tự,1131,thật (Calibre),no
C838,Circle of Days,Ken Follett,,,,,,,2025,yes,no,,,Circle of Days,eng,Grand Central Publishing,2025-09-27,635,Tiểu thuyết lịch sử,tác giả,đọc tuần tự,635,thật (Calibre),no
C839,The City and Its Uncertain Walls,Haruki Murakami,,,,,,,2024,yes,no,,,The City and Its Uncertain Walls,eng,Doubleday,2025-10-05,502,Văn học Nhật Bản,tác giả,đọc tuần tự,502,thật (Calibre),no
C840,Killing Commendatore,Haruki Murakami,,,,,,,2018,yes,no,,,Killing Commendatore,eng,Doubleday,2025-10-05,819,Văn học Nhật Bản,tác giả,đọc tuần tự,819,thật (Calibre),no
C841,Colorless Tsukuru Tazaki and his Years of Pilgrimage,Haruki Murakami,9780385352116,,,,,,2014,yes,no,,,Colorless Tsukuru Tazaki and his Years of Pilgrimage,eng,Knopf Doubleday Publishing Group,2025-10-05,286,Văn học Nhật Bản,tác giả,đọc tuần tự,286,thật (Calibre),no
C843,After Dark,Haruki Murakami,9780307265838,,,,,,2004,yes,no,,,After Dark,eng,Knopf,2025-10-14,172,Văn học Nhật Bản,tác giả,đọc tuần tự,172,thật (Calibre),no
C844,Kafka on the Shore,Haruki Murakami,9781400043668,,,,,,2002,yes,no,,,Kafka on the Shore,eng,Knopf,2025-10-14,602,Văn học Nhật Bản,tác giả,đọc tuần tự,602,thật (Calibre),no
C845,Sputnik Sweetheart,Haruki Murakami & Philip Gabriel,9780375726057,,,,,,1999,yes,no,,,Sputnik Sweetheart,eng,Vintage,2025-10-14,201,Văn học Nhật Bản,tác giả,đọc tuần tự,201,thật (Calibre),no
C846,"Wind/Pinball: Hear the Wind Sing and Pinball, 1973",Haruki Murakami,9780804170147,,,,,,1980,yes,no,,,"Wind/Pinball: Hear the Wind Sing and Pinball, 1973",eng,Vintage,2025-10-14,238,Văn học Nhật Bản,tác giả,đọc tuần tự,238,thật (Calibre),no
C847,A Wild Sheep Chase,Haruki Murakami,9780307762726,,,,,,1982,yes,no,,,A Wild Sheep Chase,eng,Vintage,2025-10-14,329,Văn học Nhật Bản,tác giả,đọc tuần tự,329,thật (Calibre),no
C848,Another Monster: The Investigative Report,Naoki Urasawa & Takashi Nagasaki & Werner Weber,9784091852793,,,,,,2002,yes,no,,,Another Monster: The Investigative Report,jpn,小学館,2025-10-15,207,Văn học Nhật Bản,tác giả,đọc tuần tự,207,thật (Calibre),no
C849,Scottish Folk and Fairy Tales From Burns to Buchan,Gordon Jarvie,9780141900209,,,,,,2008,yes,no,,,Scottish Folk and Fairy Tales From Burns to Buchan,eng,Penguin,2025-10-17,241,Văn học kinh điển,tác giả,đọc tuần tự,241,thật (Calibre),no
C850,The Heart of Mid-Lothian,Walter Scott,9780141922096,,,,,,1818,yes,no,,,The Heart of Mid-Lothian,eng,Penguin,2025-10-17,1228,Văn học kinh điển,tác giả,đọc tuần tự,1228,thật (Calibre),no
C851,Too Big to Fail: The Inside Story of How Wall Street and Washington Fought to Save the Financial System--And Themselves,Andrew Ross Sorkin,9780143118244,,,,,,2009,yes,no,,,Too Big to Fail: The Inside Story of How Wall Street and Washington Fought to Save the Financial System--And Themselves,eng,Viking,2025-10-18,802,Kinh tế & tài chính,từ khoá,đọc tuần tự,802,thật (Calibre),no
C852,Siege of Vraks,Steve Lyons,9781804076941,,,,,,2024,yes,no,,,Siege of Vraks,eng,Black Library,2025-10-19,301,Warhammer 40K,tựa (ưu tiên),đọc tuần tự,301,thật (Calibre),no
C853,Introduction to Central Banking,Ulrich Bindseil & Alessio Fotia,9783030708849,,,,,,2021,yes,no,,,Introduction to Central Banking,eng,Springer,2025-10-26,172,Kinh tế & tài chính,từ khoá,đọc tuần tự,172,thật (Calibre),no
C854,"Lady Susan, the Watsons, Sanditon",Jane Austen,9780141907901,,,,,,1817,yes,no,,,"Lady Susan, the Watsons, Sanditon",eng,Penguin Books,2025-11-01,242,Văn học kinh điển,tác giả,đọc tuần tự,242,thật (Calibre),no
C855,The Mysteries of Udolpho,Ann Radcliffe,9780140437591,,,,,,1794,yes,no,,,The Mysteries of Udolpho,eng,Penguin Books,2025-11-01,988,Văn học kinh điển,tác giả,đọc tuần tự,988,thật (Calibre),no
C856,Northanger Abbey,Jane Austen,9780141920245,,,,,,1817,yes,no,,,Northanger Abbey,eng,Penguin Books,2025-11-01,311,Văn học kinh điển,tác giả,đọc tuần tự,311,thật (Calibre),no
C857,Tales From Shakespeare,Charles Lamb & Mary Lamb,9780141963594,,,,,,1798,yes,no,,,Tales From Shakespeare,eng,Puffin,2025-11-01,329,Văn học kinh điển,tác giả,đọc tuần tự,329,thật (Calibre),no
C858,Sketches by Boz,Charles Dickens,9780141921921,,,,,,1836,yes,no,,,Sketches by Boz,eng,Penguin Books,2025-11-01,715,Văn học kinh điển,tác giả,đọc tuần tự,715,thật (Calibre),no
C859,The Pickwick Papers,Charles Dickens,9780141442525,,,,,,1837,yes,no,,,The Pickwick Papers,eng,Penguin Books,2025-11-01,1169,Văn học kinh điển,tác giả,đọc tuần tự,1169,thật (Calibre),no
C860,Oliver Twist,Charles Dickens,9781853260124,,,,,,1838,yes,no,,,Oliver Twist,eng,Penguin Books,2025-11-01,692,Văn học kinh điển,tác giả,đọc tuần tự,692,thật (Calibre),no
C861,David Copperfield,Charles Dickens,9780141907864,,,,,,1850,yes,no,,,David Copperfield,eng,Penguin Books,2025-11-01,1281,Văn học kinh điển,tác giả,đọc tuần tự,1281,thật (Calibre),no
C862,Bleak House,Charles Dickens,9780141904818,,,,,,1853,yes,no,,,Bleak House,eng,Penguin,2025-11-01,1234,Văn học kinh điển,tác giả,đọc tuần tự,1234,thật (Calibre),no
C863,Selected Short Fiction,Charles Dickens,9780141936932,,,,,,1976,yes,no,,,Selected Short Fiction,eng,Penguin,2025-11-01,525,Văn học kinh điển,tác giả,đọc tuần tự,525,thật (Calibre),no
C864,Agnes Grey,Anne Brontë,9780141904733,,,,,,1847,yes,no,,,Agnes Grey,eng,Penguin,2025-11-01,296,Văn học kinh điển,tác giả,đọc tuần tự,296,thật (Calibre),no
C865,Vanity Fair,William Makepeace Thackeray,9780141905723,,,,,,1847,yes,no,,,Vanity Fair,eng,Penguin,2025-11-01,1012,Văn học kinh điển,tác giả,đọc tuần tự,1012,thật (Calibre),no
C866,The Penguin Book of Ghost Stories: From Elizabeth Gaskell to Ambrose Bierce,Michael Newton,9780141943817,,,,,,2010,yes,no,,,The Penguin Book of Ghost Stories: From Elizabeth Gaskell to Ambrose Bierce,eng,Penguin,2025-11-01,545,Văn học kinh điển,tác giả,đọc tuần tự,545,thật (Calibre),no
C867,Middlemarch,George Eliot,9780141908274,,,,,,1872,yes,no,,,Middlemarch,eng,Penguin,2025-11-01,1021,Văn học kinh điển,tác giả,đọc tuần tự,1021,thật (Calibre),no
C868,Far From the Madding Crowd,Thomas Hardy,9781720909507,,,,,,1874,yes,no,,,Far From the Madding Crowd,eng,Penguin Classics,2025-11-01,596,Văn học kinh điển,tác giả,đọc tuần tự,596,thật (Calibre),no
C869,Tess of the D'Urbervilles,Thomas Hardy,9780141439594,,,,,,1891,yes,no,,,Tess of the D'Urbervilles,eng,Penguin Books Ltd,2025-11-01,688,Văn học kinh điển,tác giả,đọc tuần tự,688,thật (Calibre),no
C870,King Solomon's Mines,H. Rider Haggard,9780141913063,,,,,,1885,yes,no,,,King Solomon's Mines,eng,Penguin,2025-11-02,326,Văn học kinh điển,tác giả,đọc tuần tự,326,thật (Calibre),no
C871,The Jungle Books,Rudyard Kipling,9780141968391,,,,,,1895,yes,no,,,The Jungle Books,eng,Penguin,2025-11-02,518,Văn học kinh điển,tác giả,đọc tuần tự,518,thật (Calibre),no
C872,The Time Machine,H. G. Wells,9780141915272,,,,,,1895,yes,no,,,The Time Machine,eng,Penguin,2025-11-02,138,Khoa học viễn tưởng,tác giả,đọc tuần tự,138,thật (Calibre),no
C873,The Island of Dr. Moreau,H. G. Wells,9780141921129,,,,,,1896,yes,no,,,The Island of Dr. Moreau,eng,Penguin,2025-11-02,173,Khoa học viễn tưởng,tác giả,đọc tuần tự,173,thật (Calibre),no
C874,The War of the Worlds,H. G. Wells,9780141441030,,,,,,1898,yes,no,,,The War of the Worlds,eng,Penguin Classics,2025-11-02,245,Khoa học viễn tưởng,tác giả,đọc tuần tự,245,thật (Calibre),no
C875,On Liberty and the Subjection of Women,John Stuart Mill,9780141945613,,,,,,1869,yes,no,,,On Liberty and the Subjection of Women,eng,Penguin,2025-11-02,309,Triết học & tôn giáo,tác giả,đọc tuần tự,309,thật (Calibre),no
C876,Heart of Darkness,Joseph Conrad,9781101613689,,,,,,1899,yes,no,,,Heart of Darkness,eng,Penguin,2025-11-02,160,Văn học kinh điển,tác giả,đọc tuần tự,160,thật (Calibre),no
C877,Peter Pan: Peter and Wendy and Peter Pan in Kensington Gardens,J. M. Barrie,9781101660577,,,,,,2004,yes,no,,,Peter Pan: Peter and Wendy and Peter Pan in Kensington Gardens,eng,Penguin,2025-11-02,276,Thể thao & sở thích,từ khoá,đọc tuần tự,276,thật (Calibre),no
C878,The Essential Keynes,John Maynard Keynes,9780698408517,,,,,,2016,yes,no,,,The Essential Keynes,eng,Penguin,2025-11-02,619,Kinh tế & tài chính,tác giả,đọc tuần tự,619,thật (Calibre),no
C879,Notre-Dame of Paris,Victor Hugo & John Sturrock,9781101491416,,,,,,1831,yes,no,,,Notre-Dame of Paris,eng,Penguin Classic,2025-11-02,623,Văn học kinh điển,tác giả,đọc tuần tự,623,thật (Calibre),no
C880,The Three Musketeers,Alexandre Dumas,9780141442341,,,,,,1844,yes,no,,,The Three Musketeers,eng,Penguin Adult,2025-11-02,914,Văn học kinh điển,tác giả,đọc tuần tự,914,thật (Calibre),no
C881,The Man in the Iron Mask,Alexandre Dumas,9781101662052,,,,,,1847,yes,no,,,The Man in the Iron Mask,eng,Penguin,2025-11-02,635,Văn học kinh điển,tác giả,đọc tuần tự,635,thật (Calibre),no
C882,Madame Bovary,Gustave Flaubert,9780140449129,,,,,,1856,yes,no,,,Madame Bovary,eng,Penguin Classics,2025-11-02,492,Văn học kinh điển,tác giả,đọc tuần tự,492,thật (Calibre),no
C883,Journey to the Centre of the Earth,Jules Verne,9780141920689,,,,,,2008,yes,no,,,Journey to the Centre of the Earth,eng,Puffin,2025-11-02,276,Văn học kinh điển,tác giả,đọc tuần tự,276,thật (Calibre),no
C884,Twenty Thousand Leagues Under the Sea,Jules Verne,9780141394947,,,,,,1869,yes,no,,,Twenty Thousand Leagues Under the Sea,eng,Penguin,2025-11-02,552,Văn học kinh điển,tác giả,đọc tuần tự,552,thật (Calibre),no
C885,Around the World in Eighty Days,Jules Verne,9780141910369,,,,,,1872,yes,no,,,Around the World in Eighty Days,eng,Penguin UK,2025-11-02,297,Văn học kinh điển,tác giả,đọc tuần tự,297,thật (Calibre),no
C886,"Arsène Lupin, Gentleman-Thief",Maurice Leblanc,9780143104865,,,,,,1907,yes,no,,,"Arsène Lupin, Gentleman-Thief",eng,Penguin Classics,2025-11-02,370,Trinh thám & ly kỳ,tác giả,đọc tuần tự,370,thật (Calibre),no
C887,Fairy Tales From the Brothers Grimm: A New English Version,Jacob Grimm & Wilhelm Grimm & Philip Pullman,9781101948385,,,,,,2016,yes,no,,,Fairy Tales From the Brothers Grimm: A New English Version,eng,Penguin Books,2025-11-15,441,Fantasy,tác giả,đọc tuần tự,441,thật (Calibre),no
C888,Shadows Upon Time,Christopher Ruocchio,9781035920648,,,,,,2025,yes,no,,,Shadows Upon Time,eng,Bloomsbury Publishing,2025-11-23,1502,Khoa học viễn tưởng,tác giả,đọc tuần tự,1502,thật (Calibre),no
C889,"Tales of the Sun Eater, Vol. 4",Christopher Ruocchio,,,,,,,2025,yes,no,,,"Tales of the Sun Eater, Vol. 4",eng,PH Media,2025-11-23,182,Khoa học viễn tưởng,tác giả,đọc tuần tự,182,thật (Calibre),no
C890,The Strength of the Few,James Islington,9781982141233,,,,,,2025,yes,no,,,The Strength of the Few,eng,Text Publishing,2025-11-23,906,Fantasy,tác giả,đọc tuần tự,906,thật (Calibre),no
C891,The Books of Earthsea: The Complete Illustrated Edition,Ursula K. le Guin,9781481465588,,,,,,2018,yes,no,,,The Books of Earthsea: The Complete Illustrated Edition,eng,Gollancz,2025-11-23,1425,Fantasy,tác giả,đọc tuần tự,1425,thật (Calibre),no
C892,"The Last Days of Budapest: Spies, Nazis, Rescuers and Resistance, 1940–1945",Adam Lebor,9781801100809,,,,,,2025,yes,no,,,"The Last Days of Budapest: Spies, Nazis, Rescuers and Resistance, 1940–1945",eng,Apollo,2025-11-23,490,Lịch sử,tác giả,đọc tuần tự,490,thật (Calibre),no
C893,Storyteller: The Life of Robert Louis Stevenson,Leo Damrosch,9780300268621,,,,,,2025,yes,no,,,Storyteller: The Life of Robert Louis Stevenson,eng,Yale University Press,2025-11-23,558,Tiểu sử & hồi ký,tác giả,đọc tuần tự,558,thật (Calibre),no
C894,Guide to Economic Indicators: Making Sense of Economics,The Economist,9781576603673,,,,,,2010,yes,no,,,Guide to Economic Indicators: Making Sense of Economics,eng,Wiley,2025-11-23,256,Kinh tế & tài chính,từ khoá,đọc tuần tự,256,thật (Calibre),no
C896,The Shortest History of Australia,Mark McKenna,9781743824290,,,,,,2025,yes,no,,,The Shortest History of Australia,eng,Black Inc.,2025-11-24,290,Lịch sử,từ khoá,đọc tuần tự,290,thật (Calibre),no
C897,"The Shortest History of Ancient Rome: A Millennium of Western Civilization, From Kingdom to Republic to Empire - a Retelling for Our Times",Ross King,9798893030594,,,,,,2025,yes,no,,,"The Shortest History of Ancient Rome: A Millennium of Western Civilization, From Kingdom to Republic to Empire - a Retelling for Our Times",eng,"The Experiment, LLC",2025-11-24,224,Lịch sử,từ khoá,đọc tuần tự,224,thật (Calibre),no
C898,The Shortest History of the United States: From the Declaration of Independence to Global Superpower - 250 Years of the Ongoing American Experiment,Don Watson,9798893031201,,,,,,2026,yes,no,,,The Shortest History of the United States: From the Declaration of Independence to Global Superpower - 250 Years of the Ongoing American Experiment,eng,The Experiment,2025-11-24,277,Lịch sử,từ khoá,đọc tuần tự,277,thật (Calibre),no
C899,The Penguin Freud Reader,Sigmund Freud,9780141912066,,,,,,2006,yes,no,,,The Penguin Freud Reader,eng,Penguin,2025-11-25,637,Tâm lý & hành vi,tác giả,đọc tuần tự,637,thật (Calibre),no
C900,Russian Short Stories From Pushkin to Buida,Robert Chandler,9780141910246,,,,,,2005,yes,no,,,Russian Short Stories From Pushkin to Buida,eng,Penguin UK,2025-11-26,560,Văn học kinh điển,tác giả,đọc tuần tự,560,thật (Calibre),no
C901,Russian Magic Tales From Pushkin to Platonov,Robert Chandler,9780141392547,,,,,,2012,yes,no,,,Russian Magic Tales From Pushkin to Platonov,eng,Penguin,2025-11-26,524,Văn học kinh điển,tác giả,đọc tuần tự,524,thật (Calibre),no
C902,The Gambler and Other Stories,Fyodor Dostoevsky,9780141943572,,,,,,1914,yes,no,,,The Gambler and Other Stories,eng,Penguin,2025-11-26,513,Văn học kinh điển,tác giả,đọc tuần tự,513,thật (Calibre),no
C903,Crime and Punishment,Fyodor Dostoevsky,9780143107637,,,,,,1866,yes,no,,,Crime and Punishment,eng,Penguin Books,2025-11-26,772,Văn học kinh điển,tác giả,đọc tuần tự,772,thật (Calibre),no
C904,The Idiot,Fyodor Dostoevsky & Fyodor Dostoyevsky,9780140447927,,,,,,1869,yes,no,,,The Idiot,eng,Penguin Classics,2025-11-26,687,Văn học kinh điển,tác giả,đọc tuần tự,687,thật (Calibre),no
C905,Demons,Fyodor Dostoevsky,9781101490921,,,,,,1872,yes,no,,,Demons,eng,Penguin,2025-11-26,1016,Văn học kinh điển,tác giả,đọc tuần tự,1016,thật (Calibre),no
C906,The Brothers Karamazov,Fyodor Dostoevsky,9780141915685,,,,,,1880,yes,no,,,The Brothers Karamazov,eng,Penguin,2025-11-26,1298,Văn học kinh điển,tác giả,đọc tuần tự,1298,thật (Calibre),no
C907,Fathers and Sons,Ivan Turgenev,9780141934655,,,,,,1862,yes,no,,,Fathers and Sons,eng,Penguin,2025-11-26,297,Văn học kinh điển,tác giả,đọc tuần tự,297,thật (Calibre),no
C908,Anna Karenina,Leo Tolstoy,9780141902838,,,,,,1878,yes,no,,,Anna Karenina,eng,Penguin,2025-11-26,1160,Văn học kinh điển,tác giả,đọc tuần tự,1160,thật (Calibre),no
C909,The State and Revolution,Vladimir Lenin,9780141939063,,,,,,1917,yes,no,,,The State and Revolution,eng,Penguin UK,2025-11-26,184,Chính trị & xã hội,tựa (ưu tiên),đọc tuần tự,184,thật (Calibre),no
C910,My Childhood,Maxim Gorky,9780141960753,,,,,,1913,yes,no,,,My Childhood,eng,Penguin,2025-11-26,286,Văn học kinh điển,tác giả,đọc tuần tự,286,thật (Calibre),no
C911,Sanshiro,Natsume Sōseki,9780141938073,,,,,,1908,yes,no,,,Sanshiro,eng,Penguin,2025-11-26,317,Văn học Nhật Bản,tác giả,đọc tuần tự,317,thật (Calibre),no
C912,The Penguin Book of Japanese Short Stories,Jun'Ichirō Tanizaki & Kafū Nagai & Natsume Sōseki & Ōgai Mori & Yukio Mishima & Yūko Tsushima & Taeko Kōno & Kenji Nakagami & Banana Yoshimoto & Minako Ohba & Fumiko Enchi & Abe Akira & Yōko Ogawa & Doppo Kunikida & Uno Kōji & Genji Keita & Minoru Betsuyaku & Mieko Kawakami & Shinichi Hoshi & Ryūnosuke Akutagawa & Sawanishi Yuten & Hyakken Uchida & Yoko Ota & Yuichi Seirai & Yasunari Kawabata & Akiyuki Nosaka & Tomoyuki Hoshino & Kazumi Saeki & Aoko Matsuda & Yūya Satō,9780141395630,,,,,,2018,yes,no,,,The Penguin Book of Japanese Short Stories,eng,Penguin UK,2025-11-26,660,Văn học Nhật Bản,tác giả,đọc tuần tự,660,thật (Calibre),no
C913,Kokoro,Natsume Sōseki,9781101195819,,,,,,1914,yes,no,,,Kokoro,eng,Penguin,2025-11-26,237,Văn học Nhật Bản,tác giả,đọc tuần tự,237,thật (Calibre),no
C914,Fairy Tales of Hans Christian Andersen,Hans Christian Andersen,9781613820209,,,,,,1835,yes,no,,,Fairy Tales of Hans Christian Andersen,eng,Simon & Brown,2025-11-27,724,Văn học kinh điển,tác giả,đọc tuần tự,724,thật (Calibre),no
C915,The Portable Thoreau,Henry David Thoreau,9781101128107,,,,,,1947,yes,no,,,The Portable Thoreau,eng,Penguin,2025-11-27,679,Văn học kinh điển,tác giả,đọc tuần tự,679,thật (Calibre),no
C916,New Penguin Book of American Short Stories: From Washington Irving to Lydia Davis,Kasia Boddy,9780141194431,,,,,,2011,yes,no,,,New Penguin Book of American Short Stories: From Washington Irving to Lydia Davis,eng,Penguin,2025-11-27,366,Văn học kinh điển,tác giả,đọc tuần tự,366,thật (Calibre),no
C917,The Last of the Mohicans,James Fenimore Cooper & Richard Slotkin,9780140390247,,,,,,1826,yes,no,,,The Last of the Mohicans,eng,Penguin,2025-11-27,528,Văn học kinh điển,tác giả,đọc tuần tự,528,thật (Calibre),no
C918,The Scarlet Letter,Nathaniel Hawthorne,9781440656484,,,,,,1850,yes,no,,,The Scarlet Letter,eng,Penguin Classics,2025-11-30,469,Văn học kinh điển,tác giả,đọc tuần tự,469,thật (Calibre),no
C919,Uncle Tom's Cabin,Harriet Beecher Stowe & Amanda Claybaugh,9781411433380,,,,,,1852,yes,no,,,Uncle Tom's Cabin,eng,Barnes & Noble Classics,2025-11-30,706,Văn học kinh điển,tác giả,đọc tuần tự,706,thật (Calibre),no
C920,The Prince and the Pauper,Mark Twain & Robert Tine,9781411432970,,,,,,1881,yes,no,,,The Prince and the Pauper,eng,Barnes & Noble Classics,2025-11-30,277,Văn học kinh điển,tác giả,đọc tuần tự,277,thật (Calibre),no
C921,Adventures of Huckleberry Finn,Mark Twain,9781101628270,,,,,,1885,yes,no,,,Adventures of Huckleberry Finn,eng,Penguin,2025-11-30,445,Văn học kinh điển,tác giả,đọc tuần tự,445,thật (Calibre),no
C922,Red Badge of Courage,Stephen Crane,9780141955353,,,,,,1895,yes,no,,,Red Badge of Courage,eng,Penguin,2025-11-30,175,Văn học kinh điển,tác giả,đọc tuần tự,175,thật (Calibre),no
C923,Three Novels of New York,Edith Wharton,9781101577325,,,,,,1910,yes,no,,,Three Novels of New York,eng,Penguin,2025-11-30,1182,Văn học kinh điển,tác giả,đọc tuần tự,1182,thật (Calibre),no
C924,The Penguin Book of First World War Stories,Ann-Marie Einhaus & Barbara Korte,9780141916491,,,,,,2007,yes,no,,,The Penguin Book of First World War Stories,eng,Penguin,2025-11-30,464,Lịch sử,từ khoá,đọc tuần tự,464,thật (Calibre),no
C925,The Rise of Nagash,Mike Lee,9781836092001,,,,,,2025,yes,no,,,The Rise of Nagash,eng,Games Workshop,2025-12-21,,Warhammer 40K,tựa (ưu tiên),đọc tuần tự,410,ước lượng theo chủ đề,no
C927,Sophie's World: A Novel About the History of Philosophy,Jostein Gaarder,9781466804272,,,,,,1991,yes,no,,,Sophie's World: A Novel About the History of Philosophy,eng,"Farrar, Straus and Giroux",2025-12-21,,Lịch sử,từ khoá,đọc tuần tự,400,ước lượng theo chủ đề,no
C928,Marvel Encyclopedia New Edition,Alan Cowsill & Melanie Scott & James Hill,9780593960523,,,,,,2024,yes,no,,,Marvel Encyclopedia New Edition,eng,D.K. Publishing,2025-12-21,,Tra cứu & minh hoạ,loại,tra cứu,350,ước lượng theo chủ đề,no
C929,The DC Comics Encyclopedia New Edition,Matthew K. Manning & Stephen Wiacek & Melanie Scott & Nick Jones & Landry Q. Walker,9780744053012,,,,,,2016,yes,no,,,The DC Comics Encyclopedia New Edition,eng,D.K. Publishing,2025-12-21,,Tra cứu & minh hoạ,loại,tra cứu,350,ước lượng theo chủ đề,no
C930,Cat's Cradle,Kurt Vonnegut,9780141045443,,,,,,1963,yes,no,,,Cat's Cradle,eng,Penguin Publishing Group,2025-12-23,,Văn học kinh điển,tác giả,đọc tuần tự,450,ước lượng theo chủ đề,no
C931,The Sorrow of War: A Novel of North Vietnam,Bao Ninh,9780525434399,,,,,,2017,yes,no,,,The Sorrow of War: A Novel of North Vietnam,eng,Knopf Doubleday Publishing Group,2025-12-23,,Văn học & lịch sử Việt Nam,tác giả,đọc tuần tự,300,ước lượng theo chủ đề,no
C932,What If? 10th Anniversary Edition: Serious Scientific Answers to Absurd Hypothetical Questions,Randall Munroe,9780063412644,,,,,,2014,yes,no,,,What If? 10th Anniversary Edition: Serious Scientific Answers to Absurd Hypothetical Questions,eng,Dey Street Books,2025-12-24,,Khoa học & công nghệ,tác giả,đọc tuần tự,350,ước lượng theo chủ đề,no
C933,What If? 2: Additional Serious Scientific Answers to Absurd Hypothetical Questions,Randall Munroe,9781473680630,,,,,,2022,yes,no,,,What If? 2: Additional Serious Scientific Answers to Absurd Hypothetical Questions,eng,Riverhead Books,2025-12-24,,Khoa học & công nghệ,tác giả,đọc tuần tự,350,ước lượng theo chủ đề,no
C934,How To: Absurd Scientific Advice for Common Real-World Problems From Randall Munroe of Xkcd,Randall Munroe,9781473680357,,,,,,2019,yes,no,,,How To: Absurd Scientific Advice for Common Real-World Problems From Randall Munroe of Xkcd,eng,Hachette UK,2025-12-24,,Khoa học & công nghệ,tác giả,đọc tuần tự,350,ước lượng theo chủ đề,no
C935,Doctor Zhivago,Boris Pasternak,9781448103454,,,,,,1957,yes,no,,,Doctor Zhivago,eng,Random House,2025-12-27,,Tiểu thuyết lịch sử,tác giả,đọc tuần tự,600,ước lượng theo chủ đề,no
C936,Wisdom Takes Work: Learn. Apply. Repeat.,Ryan Holiday,9780593191736,,,,,,2025,yes,no,,,Wisdom Takes Work: Learn. Apply. Repeat.,eng,Portfolio,2026-01-02,,Phát triển bản thân & năng suất,tác giả,đọc tuần tự,250,ước lượng theo tác giả,no
C937,Tiny Experiments: How to Live Freely in a Goal-Obsessed World,Anne-Laure le Cunff,9781800819160,,,,,,2025,yes,no,,,Tiny Experiments: How to Live Freely in a Goal-Obsessed World,eng,Avery,2026-01-02,,Phát triển bản thân & năng suất,tác giả,đọc tuần tự,260,ước lượng theo chủ đề,no
C938,Business Adventures: Twelve Classic Tales From the World of Wall Street,John Brooks,9781497640191,,,,,,1969,yes,no,,,Business Adventures: Twelve Classic Tales From the World of Wall Street,eng,Open Road Media,2026-01-02,150820,Kinh doanh & quản trị,từ khoá,đọc tuần tự,280,LỖI dữ liệu Calibre → ước lượng,no
C939,Gundam Sentinel,Masaya Takahashi,,,,,,,1988,yes,no,,,Gundam Sentinel,eng,Dai Nippon Kaiga,2026-01-02,325,Tiểu thuyết tie-in (game khác),tựa (ưu tiên),đọc tuần tự,325,thật (Calibre),no
C940,Mobile Suit Gundam High-Streamer Vol. 1,Yoshiyuki Tomino,,,,,,,1987,yes,no,,,Mobile Suit Gundam High-Streamer Vol. 1,eng,,2026-01-04,,Tiểu thuyết tie-in (game khác),tựa (ưu tiên),đọc tuần tự,350,ước lượng theo chủ đề,no
C941,Mobile Suit Gundam High-Streamer Vol. 2,Yoshiyuki Tomino,,,,,,,1987,yes,no,,,Mobile Suit Gundam High-Streamer Vol. 2,eng,,2026-01-04,,Tiểu thuyết tie-in (game khác),tựa (ưu tiên),đọc tuần tự,350,ước lượng theo chủ đề,no
C942,Mobile Suit Gundam High-Streamer Vol. 3,Yoshiyuki Tomino,,,,,,,1988,yes,no,,,Mobile Suit Gundam High-Streamer Vol. 3,eng,,2026-01-04,,Tiểu thuyết tie-in (game khác),tựa (ưu tiên),đọc tuần tự,350,ước lượng theo chủ đề,no
C943,Ruination,Anthony Reynolds,9791035504380,,,,,,2022,yes,no,,,Ruination,eng,Orbit,2026-01-05,,Tiểu thuyết tie-in (game khác),tác giả,đọc tuần tự,350,ước lượng theo chủ đề,no
C944,League of Legends: Realms of Runeterra,Riot Games,9780316430043,,,,,,2019,yes,no,,,League of Legends: Realms of Runeterra,eng,Voracious,2026-01-05,,Tiểu thuyết tie-in (game khác),tựa (ưu tiên),đọc tuần tự,350,ước lượng theo chủ đề,no
C945,What I Talk About When I Talk About Running,Haruki Murakami,9781448103737,,,,,,2007,yes,no,,,What I Talk About When I Talk About Running,eng,Random House,2026-01-08,,Văn học Nhật Bản,tác giả,đọc tuần tự,450,ước lượng theo tác giả,no
C946,Unruly: A History of England’s Kings and Queens,David Mitchell,9781405953207,,,,,,2023,yes,no,,,Unruly: A History of England’s Kings and Queens,eng,Penguin,2026-01-15,420,Lịch sử,từ khoá,đọc tuần tự,420,thật (Calibre),no
C947,"Merriam-Webster's Collegiate Dictionary, 12th Edition - Kindle Edition",Merriam-Webster,9781681500065,,,,,,2025,yes,no,,,"Merriam-Webster's Collegiate Dictionary, 12th Edition - Kindle Edition",eng,Merriam-Webster,2026-01-15,,Tra cứu & minh hoạ,loại,tra cứu,350,ước lượng theo chủ đề,no
C948,Queen Demon,Martha Wells,9781250826923,,,,,,2025,yes,no,,,Queen Demon,eng,Tor Books,2026-01-17,,Khoa học viễn tưởng,tác giả,đọc tuần tự,160,ước lượng theo tác giả,no
C949,In Cold Blood,Truman Capote,9781588361653,,,,,,1966,yes,no,,,In Cold Blood,eng,Random House,2026-01-18,,Văn học kinh điển,tác giả,đọc tuần tự,450,ước lượng theo chủ đề,no
C950,The Spy Who Came in From the Cold,John le Carre,9781350512221,,,,,,2024,yes,no,,,The Spy Who Came in From the Cold,eng,Bloomsbury Publishing,2026-01-18,,Trinh thám & ly kỳ,tác giả,đọc tuần tự,420,ước lượng theo chủ đề,no
C951,Ashes of the Imperium,Chris Wraight,9781800262683,,,,,,2025,yes,no,,,Ashes of the Imperium,eng,Games Workshop,2026-01-21,,Warhammer 40K,tựa (ưu tiên),đọc tuần tự,400,ước lượng theo tác giả,no
C953,The Lands of Ice and Fire: Maps From King's Landing to Across the Narrow Sea,George R. R. Martin & Jonathan Roberts,9780345538543,,,,,,2012,yes,no,,,The Lands of Ice and Fire: Maps From King's Landing to Across the Narrow Sea,eng,Bantam Dell,2026-01-27,,Fantasy,tác giả,đọc tuần tự,900,ước lượng theo tác giả,no
C954,The Penguin History of Economics,Roger E. Backhouse,9780141937434,,,,,,2002,yes,no,,,The Penguin History of Economics,eng,Penguin,2026-01-28,,Kinh tế & tài chính,tựa (ưu tiên),đọc tuần tự,350,ước lượng theo chủ đề,no
C955,Oxford Guide to Plain English: How English Conversation Works,"Cutts, Martin",,,,,,,2020,yes,no,,,Oxford Guide to Plain English: How English Conversation Works,eng,"Oxford University Press, Incorporated",2026-01-28,,Tra cứu & minh hoạ,loại,tra cứu,350,ước lượng theo chủ đề,no
C956,The Art of Spending Money: Simple Choices for a Richer Life,Morgan Housel,9780593716625,,,,,,2025,yes,no,,,The Art of Spending Money: Simple Choices for a Richer Life,eng,Portfolio,2026-01-28,,Kinh tế & tài chính,tác giả,đọc tuần tự,350,ước lượng theo chủ đề,no
C957,The Road to Middle-Earth: How J.R.R. Tolkien Created a New Mythology,Tom Shippey,9780007445189,,,,,,1982,yes,no,,,The Road to Middle-Earth: How J.R.R. Tolkien Created a New Mythology,eng,HarperCollins,2026-01-28,,Phê bình văn học & nghệ thuật,tác giả,đọc tuần tự,350,ước lượng theo chủ đề,no
C958,J.R.R. Tolkien: Author of the Century,Tom Shippey,9780618127641,,,,,,2000,yes,no,,,J.R.R. Tolkien: Author of the Century,eng,Houghton Mifflin,2026-01-28,,Phê bình văn học & nghệ thuật,tác giả,đọc tuần tự,350,ước lượng theo chủ đề,no
C959,A Short History of Medicine,Steve Parker,,,,,,,2019,yes,no,,,A Short History of Medicine,eng,D.K. Publishing,2026-01-31,,Khoa học & công nghệ,tựa (ưu tiên),đọc tuần tự,350,ước lượng theo chủ đề,no
C960,A Short History of The Civil War,D.K. Publishing,,,,,,,2020,yes,no,,,A Short History of The Civil War,eng,,2026-01-31,,Tra cứu & minh hoạ,loại,tra cứu,320,ước lượng theo tác giả,no
C961,A Short History of Trains,Christian Wolmar,,,,,,,2019,yes,no,,,A Short History of Trains,eng,D.K. Publishing,2026-01-31,,Lịch sử,từ khoá,đọc tuần tự,400,ước lượng theo chủ đề,no
C962,A Short History of the Vietnam War,D.K. Publishing,9780744048315,,,,,,2026,yes,no,,,A Short History of the Vietnam War,eng,D.K. Publishing,2026-01-31,,Tra cứu & minh hoạ,loại,tra cứu,320,ước lượng theo tác giả,no
C963,A Short History of Seafaring,Brian Lavery,,,,,,,2019,yes,no,,,A Short History of Seafaring,eng,D.K. Publishing,2026-01-31,,Lịch sử,từ khoá,đọc tuần tự,400,ước lượng theo chủ đề,no
C964,World War II the Definitive Visual Guide,D.K. Publishing,9780241525685,,,,,,2009,yes,no,,,World War II the Definitive Visual Guide,eng,D.K. Publishing,2026-01-31,,Tra cứu & minh hoạ,loại,tra cứu,320,ước lượng theo tác giả,no
C965,The Vietnam War: The Definitive Illustrated History,D.K. Publishing,9780241738849,,,,,,2025,yes,no,,,The Vietnam War: The Definitive Illustrated History,eng,D.K. Publishing,2026-01-31,,Tra cứu & minh hoạ,loại,tra cứu,320,ước lượng theo tác giả,no
C966,Lincoln in the Bardo,George Saunders,9781408871768,,,,,,2017,yes,no,,,Lincoln in the Bardo,eng,Bloomsbury Publishing,2026-02-02,,Văn học đương đại,tác giả,đọc tuần tự,380,ước lượng theo chủ đề,no
C967,Vigil,George Saunders,9781526624338,,,,,,2026,yes,no,,,Vigil,eng,Bloomsbury Publishing,2026-02-02,,Văn học đương đại,tác giả,đọc tuần tự,380,ước lượng theo chủ đề,no
C968,The Power of Habit,Charles Duhigg,9780679603856,,,,,,2012,yes,no,,,The Power of Habit,eng,Random House,2026-02-04,,Tâm lý & hành vi,tác giả,đọc tuần tự,320,ước lượng theo chủ đề,no
C969,The Shortest History of Innovation,Andrew Leigh,9781743824429,,,,,,2026,yes,no,,,The Shortest History of Innovation,eng,Black Inc.,2026-02-17,,Kinh tế & tài chính,tác giả,đọc tuần tự,350,ước lượng theo chủ đề,no
C970,Intermediate Microeconomics With Calculus: A Modern Approach,Hal R. Varian & Marc Melitz,9781324034476,,,,,,2024,yes,no,,,Intermediate Microeconomics With Calculus: A Modern Approach,eng,W. W. Norton & Company,2026-02-18,,Giáo trình,loại,giáo trình,700,ước lượng theo chủ đề,no
C971,Before They Are Hanged,Joe Abercrombie,9781596064034,,,,,,2007,yes,no,,,Before They Are Hanged,eng,Gollancz,2026-02-20,,Fantasy,tác giả,đọc tuần tự,550,ước lượng theo tác giả,no
C972,Advanced Grammar in Use Book With Answers and eBook and Online Test,Martin Hewings,9781108920216,,,,,,1999,yes,no,,,Advanced Grammar in Use Book With Answers and eBook and Online Test,eng,Cambridge University Press,2026-02-27,,Giáo trình,tác giả,giáo trình,700,ước lượng theo chủ đề,no
C973,Statistical Analysis With Python for Dummies,Joseph Schmuller,9781394370320,,,,,,2025,yes,no,,,Statistical Analysis With Python for Dummies,eng,For Dummies,2026-02-27,,Sách nhập môn (101 / Dummies),tựa (ưu tiên),đọc tuần tự,280,ước lượng theo chủ đề,no
C974,24 Hours in the Viking World,Kirsten Wolf,9781789295832,,,,,,2024,yes,no,,,24 Hours in the Viking World,eng,Michael O'Mara,2026-03-04,,Tra cứu & minh hoạ,tác giả,tra cứu,350,ước lượng theo chủ đề,no
C975,24 Hours in Ancient Rome,Philip Matyszak,9781782438564,,,,,,2017,yes,no,,,24 Hours in Ancient Rome,eng,Michael O'Mara,2026-03-04,,Lịch sử,từ khoá,đọc tuần tự,400,ước lượng theo chủ đề,no
C976,24 Hours in Ancient Egypt,Donald P. Ryan,9781782439110,,,,,,2018,yes,no,,,24 Hours in Ancient Egypt,eng,Michael O'Mara,2026-03-04,,Lịch sử,từ khoá,đọc tuần tự,400,ước lượng theo chủ đề,no
C977,24 Hours in Ancient China,Yijie Zhuang,9781789291216,,,,,,2020,yes,no,,,24 Hours in Ancient China,eng,Michael O'Mara,2026-03-04,,Lịch sử,từ khoá,đọc tuần tự,400,ước lượng theo chủ đề,no
C978,24 Hours in Ancient Athens,Philip Matyszak,9781782439769,,,,,,2019,yes,no,,,24 Hours in Ancient Athens,eng,Michael O'Mara,2026-03-04,,Lịch sử,từ khoá,đọc tuần tự,400,ước lượng theo chủ đề,no
C979,Political Ideologies: An Introduction,Andrew Heywood,9781350928800,,,,,,1992,yes,no,,,Political Ideologies: An Introduction,eng,Bloomsbury Academic,2026-03-08,,Chính trị & xã hội,từ khoá,đọc tuần tự,350,ước lượng theo chủ đề,no
C983,The Hunger Games,Suzanne Collins,9781546109846,,,,,,2008,yes,no,,,The Hunger Games,eng,Scholastic Inc.,2026-03-11,,Khoa học viễn tưởng,tác giả,đọc tuần tự,390,trung vị sách cùng tác giả,no
C986,The Ballad of Songbirds and Snakes,Suzanne Collins,,,,,,,2020,yes,no,,,The Ballad of Songbirds and Snakes,eng,Scholastic Press,2026-03-11,,Khoa học viễn tưởng,tác giả,đọc tuần tự,390,trung vị sách cùng tác giả,no
C987,Sunrise on the Reaping,Suzanne Collins,9781546171478,,,,,,2025,yes,no,,,Sunrise on the Reaping,eng,Scholastic Inc.,2026-03-11,,Khoa học viễn tưởng,tác giả,đọc tuần tự,390,trung vị sách cùng tác giả,no
C994,The Narrow Road Between Desires,Patrick Rothfuss,9780756419189,,,,,,2023,yes,no,,,The Narrow Road Between Desires,eng,DAW,2026-03-11,,Fantasy,tác giả,đọc tuần tự,550,ước lượng theo chủ đề,no
C995,The Slow Regard of Silent Things,Patrick Rothfuss,9780698184947,,,,,,2014,yes,no,,,The Slow Regard of Silent Things,eng,Penguin Group (USA),2026-03-11,,Fantasy,tác giả,đọc tuần tự,550,ước lượng theo chủ đề,no
C996,The Wise Man's Fear,Patrick Rothfuss,9781101486405,,,,,,2011,yes,no,,,The Wise Man's Fear,eng,Daw Books,2026-03-11,,Fantasy,tác giả,đọc tuần tự,550,ước lượng theo chủ đề,no
C1006,Iron Gold,Pierce Brown,9780425285916,,,,,,2018,yes,no,,,Iron Gold,eng,Del Rey,2026-03-12,,Khoa học viễn tưởng,tác giả,đọc tuần tự,466,trung vị sách cùng tác giả,no
C1007,Dark Age,Pierce Brown,9780425285947,,,,,,2019,yes,no,,,Dark Age,eng,Del Rey,2026-03-12,,Khoa học viễn tưởng,tác giả,đọc tuần tự,466,trung vị sách cùng tác giả,no
C1008,Light Bringer,Pierce Brown,9780425285978,,,,,,2023,yes,no,,,Light Bringer,eng,Del Rey,2026-03-12,,Khoa học viễn tưởng,tác giả,đọc tuần tự,466,trung vị sách cùng tác giả,no
C1029,The Golden Compass,Philip Pullman,9780440418603,,,,,,1995,yes,no,,,The Golden Compass,eng,Random House Children's Books,2026-03-13,,Fantasy,tác giả,đọc tuần tự,399,trung vị sách cùng tác giả,no
C1032,"The Economists' Hour: False Prophets, Free Markets, and the Fracture of Society",Binyamin Appelbaum,9780316512275,,,,,,2019,yes,no,,,"The Economists' Hour: False Prophets, Free Markets, and the Fracture of Society",eng,Hachette UK,2026-03-17,,Kinh tế & tài chính,từ khoá,đọc tuần tự,350,ước lượng theo chủ đề,no
C1033,Thinking Like an Economist: How Efficiency Replaced Equality in U.S. Public Policy,Elizabeth Popp Berman,9780691167381,,,,,,2022,yes,no,,,Thinking Like an Economist: How Efficiency Replaced Equality in U.S. Public Policy,eng,Princeton University Press,2026-03-17,,Kinh tế & tài chính,từ khoá,đọc tuần tự,350,ước lượng theo chủ đề,no
C1034,The Elusive Quest for Growth: Economists' Adventures and Misadventures in the Tropics,William Easterly,9780262272117,,,,,,2002,yes,no,,,The Elusive Quest for Growth: Economists' Adventures and Misadventures in the Tropics,eng,MIT Press,2026-03-17,,Kinh tế & tài chính,từ khoá,đọc tuần tự,350,ước lượng theo chủ đề,no
C1035,Bowling Alone: The Collapse and Revival of American Community,Robert D. Putnam,9780684832838,,,,,,2000,yes,no,,,Bowling Alone: The Collapse and Revival of American Community,eng,Simon & Schuster,2026-03-17,,Chính trị & xã hội,tác giả,đọc tuần tự,350,ước lượng theo chủ đề,no
C1036,Advice and Dissent: Why America Suffers When Economics and Politics Collide,Alan S. Blinder,9780465094189,,,,,,2018,yes,no,,,Advice and Dissent: Why America Suffers When Economics and Politics Collide,eng,Basic Books,2026-03-17,,Kinh tế & tài chính,từ khoá,đọc tuần tự,350,ước lượng theo chủ đề,no
C1038,Vietnam: A New History,Christopher E. Goscha,9780465094370,,,,,,2016,yes,no,,,Vietnam: A New History,eng,Basic Books,2026-03-19,,Lịch sử,từ khoá,đọc tuần tự,400,ước lượng theo chủ đề,no
C1040,"Legend of the Galactic Heroes, Vol. 1: Dawn",Yoshiki Tanaka,9781421587639,,,,,,1982,yes,no,,,"Legend of the Galactic Heroes, Vol. 1: Dawn",eng,VIZ Media,2026-03-26,,Khoa học viễn tưởng,tác giả,đọc tuần tự,450,ước lượng theo chủ đề,no
C1041,"Legend of the Galactic Heroes, Vol. 2: Ambition",Yoshiki Tanaka,9781421584942,,,,,,1983,yes,no,,,"Legend of the Galactic Heroes, Vol. 2: Ambition",eng,Haikasoru,2026-03-30,,Khoa học viễn tưởng,tác giả,đọc tuần tự,450,ước lượng theo chủ đề,no
C1042,The World in Conflict: Understanding the World's Troublespots,John Andrews,9781639364442,,,,,,2016,yes,no,,,The World in Conflict: Understanding the World's Troublespots,eng,Simon and Schuster,2026-03-30,,Chính trị & xã hội,tác giả,đọc tuần tự,350,ước lượng theo chủ đề,no
C1043,Writing With Style: The Economist Guide,Lane Greene,9781639364381,,,,,,2023,yes,no,,,Writing With Style: The Economist Guide,eng,Simon and Schuster,2026-03-30,,Kinh tế & tài chính,từ khoá,đọc tuần tự,350,ước lượng theo chủ đề,no
C1044,Death on the Nile,Agatha Christie,9780061760174,,,,,,1937,yes,no,,,Death on the Nile,eng,HarperCollins,2026-03-31,,Trinh thám & ly kỳ,tác giả,đọc tuần tự,420,ước lượng theo chủ đề,no
C1045,The Mountains Sing,Nguyễn Phan Quế Mai,9781643750491,,,,,,2020,yes,no,,,The Mountains Sing,eng,Hachette UK,2026-04-03,,Văn học & lịch sử Việt Nam,tác giả,đọc tuần tự,300,ước lượng theo chủ đề,no
C1046,Hyperion,Dan Simmons,9780307781888,,,,,,1989,yes,no,,,Hyperion,eng,Bantam Spectra,2026-04-03,,Khoa học viễn tưởng,tác giả,đọc tuần tự,450,ước lượng theo chủ đề,no
C1047,The Silk Roads: A New History of the World,Peter Frankopan,9781101912379,,,,,,2015,yes,no,,,The Silk Roads: A New History of the World,eng,Vintage,2026-04-03,,Lịch sử,tác giả,đọc tuần tự,400,ước lượng theo chủ đề,no
C1048,Productivity for Dummies,Ciara Conlon,9781119099536,,,,,,2015,yes,no,,,Productivity for Dummies,eng,For Dummies,2026-04-09,,Sách nhập môn (101 / Dummies),tựa (ưu tiên),đọc tuần tự,280,ước lượng theo chủ đề,no
C1049,Study Skills for Dummies,Doreen Du Boulay,9781119997733,,,,,,2011,yes,no,,,Study Skills for Dummies,eng,John Wiley & Sons,2026-04-09,,Sách nhập môn (101 / Dummies),tựa (ưu tiên),đọc tuần tự,280,ước lượng theo chủ đề,no
C1050,Successful Time Management for Dummies,Dirk Zeller,9781118982679,,,,,,2015,yes,no,,,Successful Time Management for Dummies,eng,John Wiley & Sons,2026-04-09,,Sách nhập môn (101 / Dummies),tựa (ưu tiên),đọc tuần tự,280,ước lượng theo chủ đề,no
C1052,Book of Lives: A Memoir of Sorts,Margaret Atwood,9780385547512,,,,,,2025,yes,no,,,Book of Lives: A Memoir of Sorts,eng,Doubleday,2026-04-17,,Văn học đương đại,tác giả,đọc tuần tự,366,trung vị sách cùng tác giả,no
C1053,The Faith of Beasts,James S. A. Corey,9780316525671,,,,,,2026,yes,no,,,The Faith of Beasts,eng,Orbit,2026-04-17,,Khoa học viễn tưởng,tác giả,đọc tuần tự,550,ước lượng theo tác giả,no
C1054,Pocket Potters: Ron Weasley,J.K. Rowling,,,,,,,2025,yes,no,,,Pocket Potters: Ron Weasley,eng,Pottermore Publishing,2026-04-17,,Tra cứu & minh hoạ,loại,tra cứu,561,trung vị sách cùng tác giả,no
C1055,Pocket Potters: Harry Potter,J.K. Rowling,9781789393620,,,,,,2025,yes,no,,,Pocket Potters: Harry Potter,eng,Pottermore Publishing,2026-04-17,,Tra cứu & minh hoạ,loại,tra cứu,561,trung vị sách cùng tác giả,no
C1056,Pocket Potters: Hermione Granger,J.K. Rowling,,,,,,,2025,yes,no,,,Pocket Potters: Hermione Granger,eng,Pottermore Publishing,2026-04-17,,Tra cứu & minh hoạ,loại,tra cứu,561,trung vị sách cùng tác giả,no
C1057,Talking Classics: The Shock of the Old,Mary Beard,9781805220329,,,,,,2026,yes,no,,,Talking Classics: The Shock of the Old,eng,Profile Books,2026-04-19,,Lịch sử,tác giả,đọc tuần tự,400,ước lượng theo chủ đề,no
C1059,World of Warcraft Chronicle Volume 4,Blizzard Entertainment,9781506731926,,,,,,2024,yes,no,,,World of Warcraft Chronicle Volume 4,eng,Dark Horse Books,2026-05-10,,Tiểu thuyết tie-in (game khác),tựa (ưu tiên),đọc tuần tự,202,trung vị sách cùng tác giả,no
C1060,The Shortest History of Scotland,Murray Pittock,9781743824412,,,,,,2026,yes,no,,,The Shortest History of Scotland,eng,Black Inc.,2026-05-17,,Lịch sử,từ khoá,đọc tuần tự,400,ước lượng theo chủ đề,no
C1061,"The Secret History of Gold: Myth, Money, Politics and Power",Dominic Frisby,9781405972352,,,,,,2025,yes,no,,,"The Secret History of Gold: Myth, Money, Politics and Power",eng,Penguin,2026-05-17,,Kinh tế & tài chính,tựa (ưu tiên),đọc tuần tự,350,ước lượng theo chủ đề,no
C1062,Moral Economics: What to Do When We Can't Agree on Right and Wrong,Alvin Roth,9781541702011,,,,,,2026,yes,no,,,Moral Economics: What to Do When We Can't Agree on Right and Wrong,eng,Basic Venture,2026-05-27,,Kinh tế & tài chính,tác giả,đọc tuần tự,350,ước lượng theo chủ đề,no
C1063,The Shortest History of Ireland,James Hawes,9781913083373,,,,,,2026,yes,no,,,The Shortest History of Ireland,eng,Old Street Publishing,2026-06-04,,Lịch sử,tác giả,đọc tuần tự,400,ước lượng theo chủ đề,no
C1064,The Shortest History of Egypt,Maria Golia,9781760644925,,,,,,2026,yes,no,,,The Shortest History of Egypt,eng,Black Incorporated,2026-06-04,,Lịch sử,từ khoá,đọc tuần tự,400,ước lượng theo chủ đề,no
C1065,Robinson Crusoe,Daniel Defoe & Thomas Keymer & James Kelly,9780192833426,,,,,,1719,yes,no,,,Robinson Crusoe,eng,OUP Oxford,2026-06-04,,Văn học kinh điển,tác giả,đọc tuần tự,450,ước lượng theo chủ đề,no
C1066,Robinson Crusoe,Daniel Defoe,9780141974231,,,,,,1719,yes,no,,,Robinson Crusoe,eng,Penguin UK,2026-06-04,,Văn học kinh điển,tác giả,đọc tuần tự,450,ước lượng theo chủ đề,no
C1067,"We Did Ok, Kid: A Memoir",Anthony Hopkins,9781398547438,,,,,,2025,yes,no,,,"We Did Ok, Kid: A Memoir",eng,Simon and Schuster,2026-06-05,,Tiểu sử & hồi ký,từ khoá,đọc tuần tự,500,ước lượng theo chủ đề,no
C1068,Endurance,Yoshiki Tanaka,9781421584942,,,,,,1982,yes,no,,,Endurance,eng,Haikasoru,2026-06-08,,Khoa học viễn tưởng,tác giả,đọc tuần tự,450,ước lượng theo chủ đề,no
C1069,Stratagem,Yoshiki Tanaka,9781421584942,,,,,,1982,yes,no,,,Stratagem,eng,Haikasoru,2026-06-08,,Khoa học viễn tưởng,tác giả,đọc tuần tự,450,ước lượng theo chủ đề,no
C1070,The Swiss Family Robinson,Johann D. Wyss,9781101201510,,,,,,2007,yes,no,,,The Swiss Family Robinson,eng,Penguin,2026-06-11,500,Văn học kinh điển,tác giả,đọc tuần tự,500,thật (Calibre),no
C1071,The Shortest History of Football,Brian D. Bunk,9781917532426,,,,,,2026,yes,no,,,The Shortest History of Football,eng,Old Street Publishing,2026-06-15,,Lịch sử,từ khoá,đọc tuần tự,400,ước lượng theo chủ đề,no
C1073,The Kindness of Strangers: A Novel,Emma Garman,9781668222560,,,,,,2026,yes,no,,,The Kindness of Strangers: A Novel,eng,S&S/Summit Books,2026-06-28,,Văn học đương đại,tác giả,đọc tuần tự,380,ước lượng theo chủ đề,no
C1074,Lonely Planet China,Lonely Planet,9781788687935,,,,,,1984,yes,no,,,Lonely Planet China,eng,Lonely Planet,2026-07-08,,Tra cứu & minh hoạ,loại,tra cứu,500,ước lượng theo tác giả,no
C1075,The Rough Guide to China,"Thomas Bird, Stuart Butler, Joanna James, David Leffman, Simon Lewis, Mark South, Charles Young & Martin Zatko",,,,,,,2017,yes,no,,,The Rough Guide to China,eng,,2026-07-08,,Tra cứu & minh hoạ,loại,tra cứu,350,ước lượng theo chủ đề,no
C1076,Lonely Planet Germany,Lonely Planet,9781760341213,,,,,,2016,yes,no,,,Lonely Planet Germany,eng,Lonely Planet,2026-07-15,,Tra cứu & minh hoạ,loại,tra cứu,500,ước lượng theo tác giả,no
C1077,Lonely Planet France,Lonely Planet,9781787010215,,,,,,2017,yes,no,,,Lonely Planet France,eng,Lonely Planet,2026-07-15,,Tra cứu & minh hoạ,loại,tra cứu,500,ước lượng theo tác giả,no
C1078,Lonely Planet Vietnam,Lonely Planet,9781787019317,,,,,,2018,yes,no,,,Lonely Planet Vietnam,eng,Lonely Planet,2026-07-15,,Tra cứu & minh hoạ,loại,tra cứu,500,ước lượng theo tác giả,no
C1079,Lonely Planet USA,Lonely Planet,9781806534456,,,,,,2010,yes,no,,,Lonely Planet USA,eng,Lonely Planet,2026-07-15,,Tra cứu & minh hoạ,loại,tra cứu,500,ước lượng theo tác giả,no
C1080,Lonely Planet Great Britain,Lonely Planet,9781837583515,,,,,,2025,yes,no,,,Lonely Planet Great Britain,eng,Lonely Planet Global Limited,2026-07-15,,Tra cứu & minh hoạ,loại,tra cứu,500,ước lượng theo tác giả,no
C1081,Lonely Planet Japan,Lonely Planet,9781838693725,,,,,,2024,yes,no,,,Lonely Planet Japan,eng,Lonely Planet,2026-07-15,,Tra cứu & minh hoạ,loại,tra cứu,500,ước lượng theo tác giả,no
C1082,The Shortest History of Reality,Geraint F. Lewis,9781743824627,,,,,,2026,yes,no,,,The Shortest History of Reality,eng,Black Inc.,2026-07-20,,Lịch sử,từ khoá,đọc tuần tự,400,ước lượng theo chủ đề,no
C1083,Dinosaur,D.K. Publishing,,,,,,,0101,yes,no,,,Dinosaur,eng,D.K. Publishing,2026-07-20,,Tra cứu & minh hoạ,loại,tra cứu,320,ước lượng theo tác giả,no
C1084,"1873: The Rothschilds, the First Great Depression, and the Making of the Modern World",Liaquat Ahamed,9781594204173,,,,,,2026,yes,no,,,"1873: The Rothschilds, the First Great Depression, and the Making of the Modern World",eng,Penguin Group,2026-07-20,,Kinh tế & tài chính,tác giả,đọc tuần tự,350,ước lượng theo chủ đề,no
C1085,Rocks and Minerals,D.K. Publishing,,,,,,,2021,yes,no,,,Rocks and Minerals,eng,D.K. Publishing,2026-07-20,,Tra cứu & minh hoạ,loại,tra cứu,320,ước lượng theo tác giả,no
C1086,Hurricane and Tornado,D.K. Publishing,,,,,,,2021,yes,no,,,Hurricane and Tornado,eng,D.K. Publishing,2026-07-20,,Tra cứu & minh hoạ,loại,tra cứu,320,ước lượng theo tác giả,no
C1087,Knight,D.K. Publishing,,,,,,,2024,yes,no,,,Knight,eng,D.K. Publishing,2026-07-20,,Tra cứu & minh hoạ,loại,tra cứu,320,ước lượng theo tác giả,no
C1088,Soccer,D.K. Publishing,,,,,,,0101,yes,no,,,Soccer,eng,D.K. Publishing,2026-07-20,,Tra cứu & minh hoạ,loại,tra cứu,320,ước lượng theo tác giả,no
C1089,Planets,D.K. Publishing,,,,,,,0101,yes,no,,,Planets,eng,D.K. Publishing,2026-07-20,,Tra cứu & minh hoạ,loại,tra cứu,320,ước lượng theo tác giả,no
C1090,National Parks,D.K. Publishing,,,,,,,0101,yes,no,,,National Parks,eng,D.K. Publishing,2026-07-20,,Tra cứu & minh hoạ,loại,tra cứu,320,ước lượng theo tác giả,no
C1091,Fish,D.K. Publishing,,,,,,,0101,yes,no,,,Fish,eng,D.K. Publishing,2026-07-20,,Tra cứu & minh hoạ,loại,tra cứu,320,ước lượng theo tác giả,no
C1092,Climate Change,D.K. Publishing,9780744039061,,,,,,2021,yes,no,,,Climate Change,eng,D.K. Publishing,2026-07-20,,Tra cứu & minh hoạ,loại,tra cứu,320,ước lượng theo tác giả,no
C1093,The Elements,D.K. Publishing,,,,,,,0101,yes,no,,,The Elements,eng,D.K. Publishing,2026-07-20,,Tra cứu & minh hoạ,loại,tra cứu,320,ước lượng theo tác giả,no
C1094,Wonders of the World,D.K. Publishing,,,,,,,0101,yes,no,,,Wonders of the World,eng,D.K. Publishing,2026-07-20,,Tra cứu & minh hoạ,loại,tra cứu,320,ước lượng theo tác giả,no
C1095,Natural Disasters,D.K. Publishing,,,,,,,0101,yes,no,,,Natural Disasters,eng,D.K. Publishing,2026-07-20,,Tra cứu & minh hoạ,loại,tra cứu,320,ước lượng theo tác giả,no
C1096,Human Body,D.K. Publishing,,,,,,,0101,yes,no,,,Human Body,eng,D.K. Publishing,2026-07-20,,Tra cứu & minh hoạ,loại,tra cứu,320,ước lượng theo tác giả,no
C1097,Ocean,D.K. Publishing,,,,,,,2021,yes,no,,,Ocean,eng,D.K. Publishing,2026-07-20,,Tra cứu & minh hoạ,loại,tra cứu,320,ước lượng theo tác giả,no
C1098,Stephen Biesty's Incredible Cross-Sections,Stephen Biesty,9781465483898,,,,,,1992,yes,no,,,Stephen Biesty's Incredible Cross-Sections,eng,DK,2026-07-20,,Tra cứu & minh hoạ,tác giả,tra cứu,350,ước lượng theo chủ đề,no
C1099,Stephen Biesty's Cross-Sections Castle,Richard Platt,9780744020755,,,,,,2019,yes,no,,,Stephen Biesty's Cross-Sections Castle,eng,Penguin,2026-07-20,,Tra cứu & minh hoạ,tác giả,tra cứu,350,ước lượng theo chủ đề,no
C1100,Stephen Biesty's Cross-Sections Man-Of-War,Richard Platt,9780744020908,,,,,,2019,yes,no,,,Stephen Biesty's Cross-Sections Man-Of-War,eng,Penguin,2026-07-20,,Tra cứu & minh hoạ,tác giả,tra cứu,350,ước lượng theo chủ đề,no
C1101,Stephen Biesty's Incredible Cross Sections of Everything,Richard Platt,9780744025996,,,,,,2020,yes,no,,,Stephen Biesty's Incredible Cross Sections of Everything,eng,Penguin,2026-07-20,,Tra cứu & minh hoạ,tác giả,tra cứu,350,ước lượng theo chủ đề,no
C1102,Stephen Biesty's Incredible Body Cross-Sections,Richard Platt,9780744033564,,,,,,2020,yes,no,,,Stephen Biesty's Incredible Body Cross-Sections,eng,Penguin,2026-07-20,,Tra cứu & minh hoạ,tác giả,tra cứu,350,ước lượng theo chủ đề,no
C1103,24 Hours in Shogun's Japan: A Day in the Life of the People Who Lived There,Mark Hudson,9781789298550,,,,,,2026,yes,no,,,24 Hours in Shogun's Japan: A Day in the Life of the People Who Lived There,eng,"Michael O'Mara Books, Limited",2026-07-21,,Tra cứu & minh hoạ,tác giả,tra cứu,350,ước lượng theo chủ đề,no
C1104,Books That Changed History,D.K. Publishing,,,,,,,2017,yes,no,,,Books That Changed History,eng,D.K. Publishing,2026-07-21,,Tra cứu & minh hoạ,loại,tra cứu,320,ước lượng theo tác giả,no
C1105,History as it Happened: A Map-by-Map Guide,D.K. Publishing,,,,,,,2024,yes,no,,,History as it Happened: A Map-by-Map Guide,eng,D.K. Publishing,2026-07-21,,Tra cứu & minh hoạ,loại,tra cứu,320,ước lượng theo tác giả,no
C1106,Practice Exercises for Intermediate Microeconomic Theory,Eric Dunaway & John C. Strandholm & Ana Espinola-Arredondo & Felix Munoz-Garcia,9780262539852,,,,,,2020,yes,no,,,Practice Exercises for Intermediate Microeconomic Theory,eng,MIT Press,2026-07-28,,Giáo trình,loại,giáo trình,700,ước lượng theo chủ đề,no
C1107,Tam Quốc Diễn Nghĩa,La Quán Trung,9786049698088,,,,,,1360,yes,no,,,Tam Quốc Diễn Nghĩa,vie,Nhà xuất bản Văn học,2026-08-10,,Văn học Trung Quốc,tác giả,đọc tuần tự,900,ước lượng theo chủ đề,no
C1108,Nineteen Eighty-Four,George Orwell,9781837313334,,,,,,1949,yes,no,,,Nineteen Eighty-Four,eng,Penguin,2026-08-18,,Văn học kinh điển,tác giả,đọc tuần tự,234,trung vị sách cùng tác giả,no
C1109,Đêm giữa ban ngày,Vũ Thư Hiên,,,,,,,2015,yes,no,,,Đêm giữa ban ngày,,,2026-08-20,,Văn học & lịch sử Việt Nam,tác giả,đọc tuần tự,300,ước lượng theo chủ đề,no
C1110,Thời của thánh thần,Hoàng Minh Tường,,,,,,,2012,yes,no,,,Thời của thánh thần,vie,Nhà xuất bản Hội Nhà Văn,2026-08-20,,Văn học & lịch sử Việt Nam,tác giả,đọc tuần tự,300,ước lượng theo chủ đề,no
C1111,Chinatown,Thuận,,,,,,,0101,yes,no,,,Chinatown,vie,Văn Học,2026-08-20,,Văn học & lịch sử Việt Nam,tác giả,đọc tuần tự,300,ước lượng theo chủ đề,no
C1112,Miền Hoang Tưởng,Nguyễn Xuân Khánh,,,,,,,2016,yes,no,,,Miền Hoang Tưởng,vie,,2026-08-20,,Văn học & lịch sử Việt Nam,tác giả,đọc tuần tự,300,ước lượng theo chủ đề,no
C1113,Mảnh Đất Lắm Người Nhiều Ma,Nguyễn Khắc Trường,,,,,,,2019,yes,no,,,Mảnh Đất Lắm Người Nhiều Ma,vie,NXB Văn Hóa Thông Tin,2026-08-20,,Văn học & lịch sử Việt Nam,tác giả,đọc tuần tự,300,ước lượng theo chủ đề,no
C1114,Cát bụi chân ai,Tô Hoài,,,,,,,2014,yes,no,,,Cát bụi chân ai,vie,Phuong Nam Book,2026-08-20,,Văn học & lịch sử Việt Nam,tác giả,đọc tuần tự,300,ước lượng theo chủ đề,no
C1115,Sóng ở đáy sông,Lê Lựu,,,,,,,0101,yes,no,,,Sóng ở đáy sông,eng,Ebolic,2026-08-20,,Văn học & lịch sử Việt Nam,tác giả,đọc tuần tự,300,ước lượng theo chủ đề,no
C1117,Tuyển tập Nam Cao,Nam Cao,,,,,,,2013,yes,no,,,Tuyển tập Nam Cao,vie,Nhà xuất bản Văn học,2026-08-21,,Văn học & lịch sử Việt Nam,tác giả,đọc tuần tự,300,ước lượng theo chủ đề,no
C1118,Miền Thơ Ấu,Vũ Thư Hiên,,,,,,,2021,yes,no,,,Miền Thơ Ấu,vie,,2026-08-22,,Văn học & lịch sử Việt Nam,tác giả,đọc tuần tự,300,ước lượng theo chủ đề,no
C1119,What Happened to Liberal Democracy?,Daron Acemoglu,9781805228660,,,,,,2026,yes,no,,,What Happened to Liberal Democracy?,eng,Profile Books,2026-08-23,,Kinh tế & tài chính,tác giả,đọc tuần tự,350,ước lượng theo chủ đề,no
C1120,Arguably: Selected Essays,Christopher Hitchens,9780771041464,,,,,,2011,yes,no,,,Arguably: Selected Essays,eng,McClelland & Stewart,2026-08-24,,Chính trị & xã hội,tác giả,đọc tuần tự,350,ước lượng theo chủ đề,no
C1121,Vang bóng một thời,Nguyễn Tuân,,,,,,,2012,yes,no,,,Vang bóng một thời,vie,,2026-08-24,,Văn học & lịch sử Việt Nam,tác giả,đọc tuần tự,300,ước lượng theo chủ đề,no
C1122,Amusing Ourselves to Death: Public Discourse in the Age of Show Business,Neil Postman,9780143036531,,,,,,1985,yes,no,,,Amusing Ourselves to Death: Public Discourse in the Age of Show Business,eng,Penguin,2026-08-29,,Kinh doanh & quản trị,từ khoá,đọc tuần tự,280,ước lượng theo chủ đề,no
C1123,Snow Country,Yasunari Kawabata,9780307833624,,,,,,1948,yes,no,,,Snow Country,eng,Vintage,2026-09-06,,Văn học Nhật Bản,tác giả,đọc tuần tự,350,ước lượng theo chủ đề,no
C1124,Đêm hội Long Trì,Nguyễn Huy Tưởng,,,,,,,2017,yes,no,,,Đêm hội Long Trì,vie,Nhà xuất bản Kim Đồng,2026-09-08,,Văn học & lịch sử Việt Nam,tác giả,đọc tuần tự,300,ước lượng theo chủ đề,no
C1125,The Most Dangerous Games,Mrbeast & James Patterson,9789402778342,,,,,,2026,yes,no,,,The Most Dangerous Games,eng,William Morrow,2026-09-08,,Kinh doanh & quản trị,tác giả,đọc tuần tự,280,ước lượng theo chủ đề,no
C1126,Pachinko,Min Jin Lee,9781786691361,,,,,,2017,yes,no,,,Pachinko,eng,Head of Zeus,2026-09-08,,Văn học đương đại,tác giả,đọc tuần tự,380,ước lượng theo chủ đề,no
C1127,Jane Eyre,Charlotte Brontë,9780141907529,,,,,,1847,yes,no,,,Jane Eyre,eng,Penguin,2026-09-16,,Văn học kinh điển,tác giả,đọc tuần tự,550,ước lượng theo tác giả,no
